Cancion,Artista,categoria,acousticness,danceability,duration_ms,energy,instrumentalness,key,liveness,loudness,mode,speechiness,tempo,time_signature,valence
Pride and Joy,Stevie Ray Vaughan,blues,0.0274,0.427,219587,0.626,0.00395,8,0.106,-11.821,1,0.0385,126.877,4,0.743
La Grange - 2005 Remaster,ZZ Top,blues,0.00249,0.545,230480,0.64,0.0304,4,0.196,-9.937,0,0.224,80.544,4,0.606
Going Down,Freddie King,blues,0.0339,0.565,204333,0.526,0.000119,0,0.11,-11.352,1,0.0365,167.936,4,0.637
The Thrill Is Gone,B.B. King,blues,0.344,0.547,324733,0.46,0.442,11,0.0983,-8.759,0,0.0256,90.768,4,0.543
Mannish Boy,Muddy Waters,blues,0.25,0.565,324693,0.85,0.000143,2,0.579,-5.93,1,0.0934,112.188,3,0.585
Born Under A Bad Sign,Albert King,blues,0.45,0.691,166560,0.493,0.00517,11,0.0231,-10.616,1,0.0285,91.541,4,0.801
You Can't Always Get What You Want,Luther Allison,blues,0.151,0.594,280827,0.641,0.000478,9,0.0477,-11.022,1,0.137,91.645,4,0.503
Black Dog - Remaster,Led Zeppelin,blues,0.396,0.437,295387,0.864,0.0314,4,0.242,-7.842,0,0.0904,81.394,4,0.749
True Lies,Kenny Wayne Shepherd,blues,0.00032,0.367,348040,0.769,0.628,9,0.0631,-7.258,1,0.0317,173.186,4,0.7
Woman Don't Lie (feat. Sugaray Rayford),Walter Trout,blues,0.0707,0.479,327653,0.914,0.137,6,0.344,-5.263,0,0.132,94.904,4,0.74
Mustang Sally (feat. Jeff Beck),Buddy Guy,blues,0.0412,0.613,283267,0.934,0.000308,0,0.0882,-3.711,1,0.0342,107.274,4,0.776
Boom Boom,John Lee Hooker,blues,0.62,0.441,152351,0.455,0.00187,10,0.135,-14.207,1,0.0485,160.9,4,0.918
Mojo Hand,Lightnin' Hopkins,blues,0.456,0.596,179733,0.545,5.53e-05,11,0.329,-8.913,0,0.064,146.953,4,0.718
I've Got a Woman,Ray Charles,blues,0.833,0.556,171467,0.61,2.22e-06,9,0.258,-4.729,1,0.213,199.373,4,0.665
Bad News Is Coming,Luther Allison,blues,0.713,0.639,445533,0.496,0.254,1,0.0545,-6.844,0,0.0375,140.394,3,0.467
Since I've Been Loving You - Remaster,Led Zeppelin,blues,0.0021,0.393,444148,0.364,0.0703,5,0.121,-10.945,0,0.0345,118.566,3,0.308
Piece of My Heart,Big Brother & The Holding Company,blues,0.263,0.443,253333,0.727,0.000141,4,0.169,-7.951,1,0.145,160.82,4,0.566
Whipping Post,Allman Brothers Band,blues,0.329,0.315,317438,0.64,0.341,4,0.0879,-9.256,0,0.0339,97.968,4,0.583
Have You Ever Loved A Woman?,Derek & The Dominos,blues,0.642,0.303,412960,0.648,0.053,0,0.407,-6.795,1,0.0512,170.379,3,0.644
A Million Miles Away,Rory Gallagher,blues,0.00829,0.498,415900,0.654,0.00595,2,0.417,-10.398,0,0.0381,135.805,4,0.608
Red House - Live at the Isle of Wight,Jimi Hendrix,blues,0.0371,0.377,697573,0.575,0.0709,8,0.826,-7.983,1,0.0414,139.316,4,0.602
Too Rolling Stoned - Live,Robin Trower,blues,0.0778,0.286,407000,0.776,0.288,10,0.97,-11.352,0,0.0574,135.688,4,0.447
SWLABR - Live,Joe Bonamassa,blues,0.00203,0.307,384550,0.95,0.0051,2,0.936,-5.927,1,0.0967,125.435,4,0.645
Cherry Red Wine,Luther Allison,blues,0.0671,0.276,516107,0.841,0.0127,2,0.934,-6.229,0,0.0615,149.075,3,0.602
Double Trouble - Live from Madison Square Garden,Eric Clapton,blues,0.22,0.316,486133,0.585,0.732,2,0.975,-7.705,0,0.0407,181.084,3,0.575
"Still Got The Blues - Live from the Blues Alive Tour, U.K./1993",Gary Moore,blues,0.0414,0.225,400267,0.379,0.0149,9,0.95,-11.593,0,0.0312,155.276,3,0.171
Blues for Salvador,Carlos Santana,blues,0.829,0.17,357560,0.186,0.831,4,0.194,-18.887,0,0.0336,76.232,4,0.0726
Cradle Rock - Live From Cork City Hall,Rory Gallagher,blues,0.0105,0.166,436440,0.932,0.00432,11,0.845,-7.3,0,0.12,204.567,4,0.29
I Wonder Who - Live From Cork City Hall,Rory Gallagher,blues,0.0163,0.32,468720,0.6,0.304,5,0.822,-10.681,1,0.0503,186.385,3,0.719
Honey Hush - Live Version; 2016 Remaster,Foghat,blues,0.0333,0.352,337573,0.988,0.899,4,0.978,-7.32,0,0.0821,119.635,4,0.246
Bridge of Sighs - 2007 Remaster,Robin Trower,blues,0.00549,0.359,301707,0.521,0.407,4,0.658,-10.338,0,0.035,95.965,4,0.325
Tush - 2006 Remaster,ZZ Top,blues,0.1,0.58,137933,0.885,0.00157,0,0.146,-5.154,0,0.0715,145.405,4,0.788
Be Careful With a Fool,Johnny Winter,blues,0.282,0.294,314880,0.736,0.0418,7,0.102,-7.961,0,0.151,208.576,3,0.753
Bad To The Bone,George Thorogood & The Destroyers,blues,0.00614,0.459,292173,0.727,0.0652,0,0.384,-11.777,1,0.0303,149.231,1,0.955
Rocky Mountain Way,Joe Walsh,blues,0.0241,0.493,315400,0.376,0.792,4,0.102,-15.045,1,0.0435,86.47,4,0.419
Slow an' Easy - US Mix; 2019 Remaster,Whitesnake,blues,0.29,0.476,360768,0.693,0.00119,0,0.0664,-9.634,1,0.054,106.582,4,0.251
"Me, My Guitar And The Blues",Walter Trout,blues,0.0434,0.224,421893,0.676,0.0627,2,0.315,-5.194,0,0.0364,169.988,3,0.451
The Healer,John Lee Hooker,blues,0.138,0.571,340200,0.708,0.0316,0,0.103,-7.832,1,0.0344,108.049,4,0.677
Elegy for a Bluesman,Ronnie Earl,blues,0.812,0.389,340693,0.483,0.905,0,0.115,-10.374,0,0.029,122.085,3,0.202
Smokestack Lightnin',Howlin' Wolf,blues,0.844,0.661,188400,0.342,0.000128,9,0.26,-16.361,0,0.043,146.118,4,0.588
A Little Less Conversation,Guitar Shorty,blues,0.0076,0.596,244160,0.829,2.66e-05,11,0.299,-4.774,0,0.0304,98.86,4,0.762
Sharp Dressed Man - 2008 Remaster,ZZ Top,blues,0.000359,0.601,258027,0.859,0.00124,5,0.0871,-5.263,1,0.0276,125.145,4,0.446
Rock Me Baby,Johnny Winter,blues,0.304,0.483,229093,0.744,0.0935,7,0.133,-9.683,1,0.0562,95.477,4,0.647
In the Mood,Joanne Shaw Taylor,blues,0.0896,0.385,225126,0.976,0.881,9,0.364,-4.578,1,0.0453,156.882,4,0.85
Empty Promises,Michael Burks,blues,0.276,0.369,375853,0.561,0.0044,2,0.0965,-5.022,0,0.035,138.213,4,0.404
I'll Play The Blues For You (Live),Joe Bonamassa,blues,0.0449,0.536,374847,0.605,0.123,7,0.994,-8.337,0,0.0244,94.965,4,0.681
The Reason I'm Gone,Walter Trout and The Free Radicals,blues,0.0624,0.299,679507,0.589,0.346,9,0.421,-8.615,0,0.046,124.799,3,0.423
Blues Deluxe,Joe Bonamassa,blues,0.0108,0.499,440200,0.366,0.00208,5,0.0851,-9.566,1,0.0441,144.563,3,0.418
Bleach Blonde Bottle Blues,Larkin Poe,blues,0.291,0.437,193445,0.613,0.0,1,0.0536,-3.542,1,0.0519,131.621,4,0.709
Medicine Man - Acoustic,Elles Bailey,blues,0.742,0.644,206003,0.433,0.0,2,0.129,-7.568,1,0.0346,85.799,4,0.611
"Hard Times, Bad Decisions",Lisa Mann,blues,0.0862,0.624,271867,0.849,5.3e-05,11,0.362,-4.261,0,0.0358,94.066,4,0.717
Blackest Day,Joanne Shaw Taylor,blues,0.208,0.466,497693,0.478,0.00526,6,0.389,-8.494,0,0.0437,143.91,3,0.388
Johnnie Ray,Ana Popovic,blues,0.644,0.515,224640,0.5,2.24e-06,11,0.119,-8.986,0,0.0607,155.383,3,0.634
Workin' Man Blues,Albert Cummings,blues,0.00722,0.596,237213,0.882,0.00191,8,0.31,-7.241,1,0.1,107.019,4,0.746
Should I Wait,Luther Allison,blues,0.0315,0.638,304600,0.738,0.000634,9,0.211,-9.563,1,0.0271,104.098,3,0.816
I'm A Woman,Deborah Coleman,blues,0.00495,0.676,291840,0.661,0.000871,5,0.201,-5.432,1,0.0384,107.589,3,0.533
Country Girl,Ronnie Earl,blues,0.745,0.613,288240,0.28,0.154,0,0.0796,-17.901,1,0.041,123.533,3,0.612
Something Inside Of Me,Walter Trout,blues,0.219,0.165,398333,0.739,0.471,7,0.25,-4.73,1,0.043,178.548,3,0.551
Sure Got Cold After the Rain Fell,ZZ Top,blues,0.351,0.391,438427,0.43,0.104,2,0.103,-10.587,1,0.0292,131.455,3,0.221
Talking About,Susan Tedeschi,blues,0.272,0.518,262013,0.807,4.46e-05,2,0.125,-5.51,1,0.0521,138.986,4,0.604
Crawl,Danielle Nicole,blues,0.112,0.648,265147,0.771,0.0,2,0.253,-4.656,0,0.0291,99.958,4,0.448
Business as Usual,Ana Popovic,blues,0.0319,0.494,202800,0.84,0.0108,0,0.236,-3.217,1,0.0397,97.597,3,0.626
Salt In My Wounds,Shemekia Copeland,blues,0.504,0.72,253067,0.351,0.0121,11,0.279,-9.332,0,0.0312,107.263,4,0.147
Riding with the King,Eric Clapton,blues,0.384,0.462,264240,0.796,0.0,9,0.296,-6.202,1,0.0322,204.028,4,0.824
Me And My Guitar,Freddie King,blues,0.482,0.697,245840,0.637,5.13e-05,11,0.257,-11.672,0,0.0376,102.514,4,0.807
Breaking Up Somebody's Home,Albert King,blues,0.179,0.605,220547,0.437,0.00839,9,0.117,-7.496,0,0.0484,174.998,4,0.88
Late Night City Blues,Chris Cain,blues,0.0625,0.281,380000,0.54,0.432,5,0.318,-8.044,0,0.0395,180.901,3,0.341
Kiss Of Death,Tinsley Ellis,blues,0.72,0.725,425787,0.315,0.00259,4,0.0869,-8.48,0,0.0369,126.39,3,0.298
Just A Loser,The Robert Cray Band,blues,0.0155,0.784,266733,0.714,0.0144,11,0.0992,-8.005,0,0.0297,121.816,4,0.935
Back In A Cadillac,Coco Montoya,blues,0.0153,0.601,208027,0.861,0.000102,7,0.0723,-5.513,1,0.0463,119.724,4,0.668
Sound Of A Broken Man,Tinsley Ellis,blues,0.143,0.638,291840,0.896,0.129,6,0.096,-3.245,0,0.0534,114.966,4,0.957
Open Eyes,Carolyn Wonderland,blues,0.228,0.482,321494,0.402,0.133,4,0.0742,-11.261,1,0.0472,173.302,3,0.314
Reefer Head Woman,Aerosmith,blues,0.013,0.329,241867,0.433,0.00577,9,0.4,-12.72,1,0.0361,188.218,3,0.535
Gospel Groove,Shuggie Otis,blues,0.791,0.439,255947,0.37,0.259,7,0.351,-13.632,1,0.0548,96.265,3,0.399
Love Struck Baby,Stevie Ray Vaughan,blues,0.23,0.546,141573,0.909,0.0537,8,0.185,-8.01,1,0.047,172.14,4,0.964
Just Got Paid,ZZ Top,blues,0.29,0.567,267480,0.687,0.426,9,0.121,-10.536,1,0.0435,99.93,4,0.625
Palace Of The King,Freddie King,blues,0.335,0.656,220240,0.773,0.00142,1,0.155,-9.156,0,0.0363,114.979,4,0.867
Sound the Bell,Johnny With Dr. John Winter,blues,0.00657,0.283,476411,0.99,0.361,2,0.943,-5.078,0,0.106,151.913,4,0.587
"Somehow, Somewhere, Someway",Kenny Wayne Shepherd,blues,0.000108,0.384,334800,0.874,0.0104,7,0.122,-7.552,1,0.0376,112.207,4,0.762
Bad Penny,Rory Gallagher,blues,0.0974,0.252,245377,0.729,0.00881,2,0.045,-10.022,0,0.0646,199.738,4,0.689
Key To The Highway,Derek & The Dominos,blues,0.424,0.292,577973,0.64,0.826,9,0.478,-7.153,1,0.0372,83.926,4,0.571
Stop Messin' Round,Joanne Shaw Taylor,blues,0.11,0.532,217333,0.934,0.00699,1,0.292,-2.87,1,0.0613,128.053,4,0.502
Blue Jean Blues - 2005 Remaster,ZZ Top,blues,0.577,0.648,282627,0.242,0.0124,11,0.104,-11.319,0,0.0399,130.885,3,0.294
"Damn Right, I've Got the Blues",Buddy Guy,blues,0.0488,0.353,271653,0.921,0.065,2,0.314,-5.64,1,0.0758,145.589,3,0.526
I'd Rather Go Blind,"Beth Hart, Joe Bonamassa",blues,0.308,0.393,486773,0.599,0.000333,9,0.201,-7.337,1,0.0332,112.657,3,0.344
Nana Jarnell,Lucky Peterson,blues,0.318,0.423,338400,0.482,0.603,1,0.0992,-9.907,0,0.035,108.456,3,0.232
Phone Booth,Robert Cray,blues,0.025,0.818,212227,0.589,0.0161,7,0.0931,-13.494,1,0.0808,120.538,4,0.731
Move From The Hood,Luther Allison,blues,0.0901,0.628,222267,0.843,0.0072,9,0.332,-6.987,1,0.066,112.0,4,0.778
Lazy,Jimmy Barnes,blues,0.000738,0.274,533360,0.93,0.858,5,0.0825,-3.343,1,0.0644,96.98,4,0.261
I Just Want to Make Love to You - 2016 Remaster,Foghat,blues,0.26,0.414,260813,0.708,0.0,2,0.399,-8.831,1,0.262,124.475,4,0.565
Thorazine Shuffle,Gov't Mule,blues,0.161,0.634,407040,0.595,0.34,9,0.0878,-6.674,1,0.0317,138.158,4,0.769
When the Levee Breaks - Remaster,Led Zeppelin,blues,0.00217,0.271,428851,0.766,0.52,5,0.0707,-8.03,1,0.0329,142.914,4,0.803
Legs - 2008 Remaster,ZZ Top,blues,0.00957,0.611,273907,0.946,0.0708,4,0.36,-5.357,1,0.0378,125.398,4,0.763
Soulshine,Allman Brothers Band,blues,0.125,0.476,403507,0.556,0.0117,10,0.0898,-6.501,1,0.0274,135.624,4,0.559
Going Down (Live),Joe Bonamassa,blues,0.0282,0.429,373125,0.87,0.293,2,0.963,-8.057,1,0.0376,92.726,4,0.54
Walking in the Shadow of the Blues - Live,Whitesnake,blues,0.00117,0.404,301827,0.973,0.00251,5,0.981,-3.712,1,0.0517,106.636,4,0.44
Bad Little Doggie,Gov't Mule,blues,0.0643,0.329,223760,0.945,0.27,1,0.788,-4.494,1,0.0726,102.717,4,0.559
Crossroads - Live,Cream,blues,0.413,0.391,258467,0.756,0.0418,7,0.879,-11.317,1,0.0648,131.648,4,0.839
"Hear My Train A comin' - Live 10/10/68 Winterland, San Francisco, CA",Jimi Hendrix,blues,0.00577,0.379,693560,0.516,0.0592,8,0.229,-11.111,0,0.0584,137.509,4,0.423
Young Man Blues - Live At The Coliseum,The Who,blues,0.498,0.208,343933,0.802,0.00122,9,0.877,-6.875,0,0.0841,183.674,4,0.541
Something Inside Of Me,Walter Trout,blues,0.219,0.165,398333,0.739,0.471,7,0.25,-4.73,1,0.0431,178.555,3,0.55
Bad Love,Luther Allison,blues,0.045,0.318,384000,0.408,0.00159,2,0.211,-13.37,0,0.0337,178.165,3,0.574
She Was a Doorman,Ana Popovic,blues,0.0768,0.431,243200,0.892,1.49e-05,0,0.211,-4.103,1,0.114,185.965,4,0.844
Dark Side of Love,Kenny Wayne Shepherd,blues,0.0582,0.525,260987,0.879,0.00396,11,0.123,-4.927,0,0.0469,118.079,4,0.842
"Story Of The Blues - Live From The Blues Alive Tour,United Kingdom/1993",Gary Moore,blues,0.0166,0.315,452293,0.351,0.208,4,0.798,-11.93,0,0.0344,129.703,3,0.0809
The Thrill Is Gone - Live From The United Kingdom/1993,Gary Moore,blues,0.331,0.647,523573,0.537,0.0438,0,0.981,-7.169,0,0.0247,100.124,4,0.584
Dust Bowl (Live),Joe Bonamassa,blues,0.0109,0.32,429662,0.8,0.276,4,0.959,-7.484,0,0.0533,89.073,4,0.213
Turn To Stone - Live,Kenny Wayne Shepherd,blues,0.00136,0.191,375533,0.847,0.0459,2,0.932,-6.759,0,0.0492,152.293,4,0.216
A Fool for Your Stockings - 2003 Remaster,ZZ Top,blues,0.0116,0.82,254773,0.594,0.00495,7,0.0652,-8.571,1,0.0479,115.348,1,0.467
Crossfire,Stevie Ray Vaughan,blues,0.134,0.477,248893,0.6,0.00478,8,0.0416,-11.833,1,0.0348,115.925,4,0.921
Nickel and a Nail,Ruthie Foster,blues,0.405,0.543,292573,0.61,1.23e-05,7,0.127,-7.695,0,0.147,177.3,4,0.539
This Man,Robert Cray,blues,0.774,0.759,306533,0.852,0.0267,10,0.0917,-6.535,0,0.0448,80.619,4,0.889
Before You Hit The Ground,Jonny Lang,blues,0.195,0.722,234427,0.876,0.00539,9,0.0861,-5.896,1,0.0918,92.19,4,0.843
Put Your Money Where Your Mouth Is,Luther Allison,blues,0.157,0.809,389040,0.503,0.0586,0,0.0715,-13.284,1,0.0535,121.28,4,0.756
Fire Down Below,Robben Ford,blues,0.214,0.54,241013,0.923,0.0983,9,0.0749,-2.352,1,0.0379,111.618,4,0.574
Who Do You Love?,George Thorogood & The Destroyers,blues,0.00525,0.524,260160,0.91,0.192,4,0.147,-8.55,1,0.0628,107.237,4,0.59
Someday You Might Change Your Mind,Danielle Nicole,blues,0.268,0.593,325813,0.634,4.43e-06,9,0.319,-5.838,0,0.055,119.627,3,0.528
Sometimes,Larkin Poe,blues,0.45,0.779,172283,0.894,0.0,0,0.307,-4.407,0,0.118,101.992,4,0.797
"Greenwood, Mississippi",Lisa Mills,blues,0.108,0.603,229200,0.806,4.76e-06,1,0.61,-4.14,1,0.0378,119.101,4,0.392
Color-Blind Angel,Robin Rogers,blues,0.823,0.732,316000,0.512,0.0,9,0.097,-6.062,0,0.0628,123.976,4,0.233
Judge a Man Forever,Lisa Mann,blues,0.222,0.64,334613,0.736,2.84e-05,7,0.103,-6.443,1,0.0386,134.055,4,0.808
Don't Say You Love Me,Samantha Fish,blues,0.407,0.337,327751,0.602,7.09e-05,2,0.097,-8.422,1,0.0308,143.552,4,0.364
Trouble No More,Allman Brothers Band,blues,0.0581,0.556,227751,0.567,0.00143,9,0.0907,-11.426,0,0.0333,141.345,4,0.858
Hummingbird,B.B. King,blues,0.215,0.426,276960,0.484,0.0558,2,0.146,-7.397,0,0.0281,76.271,4,0.273
She's A Burglar,Freddie King,blues,0.173,0.477,231960,0.546,0.219,9,0.0985,-13.563,0,0.0874,152.74,4,0.782
I'll Play The Blues For You - Edit,Albert King,blues,0.043,0.704,236800,0.322,0.00034,7,0.104,-16.755,0,0.0367,95.511,4,0.597
Rollin' Stone,Muddy Waters,blues,0.991,0.785,185999,0.043,7.2e-05,4,0.115,-14.211,1,0.0697,84.12,4,0.342
Back To New Orleans,Lightnin' Hopkins,blues,0.889,0.629,201733,0.275,0.00747,4,0.107,-17.572,1,0.0606,81.98,4,0.666
"One Bourbon, One Scotch, One Beer",John Lee Hooker,blues,0.494,0.746,184960,0.56,0.0,5,0.316,-14.789,1,0.0565,124.68,4,0.854
Mean Old World,T-Bone Walker,blues,0.527,0.73,247373,0.235,0.0112,0,0.0663,-15.276,1,0.0355,87.226,4,0.624
"What'd I Say, Pt. 1 & 2",Ray Charles,blues,0.808,0.54,307053,0.681,0.0,4,0.162,-5.44,1,0.0508,88.385,4,0.794
"Cold, Cold Feeling",Albert Collins,blues,0.137,0.713,318840,0.281,0.0258,3,0.111,-11.057,0,0.0379,148.301,3,0.397
Mama Talk To Your Daughter - Live,Johnny Winter,blues,0.0344,0.396,316320,0.883,0.167,0,0.397,-6.507,1,0.0406,90.457,4,0.696
Texas Flood,Stevie Ray Vaughan,blues,0.000872,0.257,320707,0.473,0.367,6,0.32,-9.873,1,0.0331,173.75,3,0.452
Cheap Sunglasses - 2003 Remaster,ZZ Top,blues,0.241,0.636,286867,0.68,0.00162,5,0.244,-7.966,0,0.0501,94.442,4,0.805
Rockin Horse,Allman Brothers Band,blues,0.00296,0.322,443893,0.958,0.71,2,0.241,-5.593,1,0.06,101.999,4,0.609
Banks Of The Deep End,Gov't Mule,blues,0.129,0.534,356733,0.72,0.00273,8,0.11,-5.905,0,0.0303,151.515,4,0.685
Train Kept a Rollin',Aerosmith,blues,0.00194,0.359,333227,0.854,0.00767,11,0.841,-9.799,0,0.0418,99.414,4,0.472
Who Do You Love?,Joanne Shaw Taylor,blues,0.0203,0.629,187246,0.648,0.0356,8,0.299,-14.063,1,0.0382,104.014,4,0.691
If Tomorrow Was Today,Ana Popovic,blues,0.0143,0.638,315107,0.701,2.44e-05,11,0.337,-6.754,0,0.0316,103.055,4,0.634
Happier Times,Joe Bonamassa,blues,0.328,0.532,400333,0.63,0.115,5,0.119,-8.405,1,0.0303,80.012,4,0.488
Deja Voodoo - Live,Kenny Wayne Shepherd,blues,0.383,0.293,423120,0.814,0.0158,10,0.991,-8.527,0,0.0732,101.117,4,0.488
A Little Bit of Sympathy - Live,Robin Trower,blues,0.371,0.273,355107,0.853,0.247,8,0.852,-12.139,1,0.0858,137.398,4,0.322
"Good Morning Little School Girl - Live at the Fillmore East, NYC, NY - 1970",Johnny Winter,blues,0.0948,0.286,274867,0.931,0.366,4,0.976,-11.795,0,0.0924,188.527,4,0.575
"It's My Own Fault - Live at the Fillmore East, NYC, NY - 1970",Johnny Winter,blues,0.163,0.327,715600,0.686,0.194,10,0.948,-11.835,0,0.161,172.79,3,0.631
Heartbreaker - Remaster,Led Zeppelin,blues,0.0797,0.381,254068,0.734,0.0469,2,0.173,-8.917,1,0.0933,96.614,4,0.565
Back To The River,Susan Tedeschi,blues,0.423,0.671,235440,0.771,2.05e-06,11,0.158,-6.883,0,0.0634,92.256,4,0.689
Fearless,Ana Popovic,blues,0.0391,0.665,196360,0.716,0.00197,0,0.0975,-6.553,0,0.0388,105.02,4,0.809
Gimme All Your Lovin',ZZ Top,blues,0.00322,0.63,241080,0.788,0.0237,5,0.0883,-6.7,1,0.0298,120.059,4,0.63
Stompin' Ground,Rory Gallagher,blues,0.00351,0.426,210436,0.892,0.00015,11,0.338,-10.081,0,0.06,132.473,4,0.739
"Stormy Monday - Live At Fillmore East, March 13, 1971",Allman Brothers Band,blues,0.521,0.34,528160,0.403,0.0165,0,0.914,-11.371,1,0.0338,173.945,3,0.462
Driftin' Blues - Crossroad 2 Box/Set Version,Eric Clapton,blues,0.231,0.371,417600,0.484,0.109,9,0.969,-13.833,1,0.139,183.053,3,0.449
Ball N' Chain,Big Mama Thornton,blues,0.355,0.292,271200,0.372,0.000448,10,0.286,-13.595,1,0.0404,75.98,3,0.384
Once Was a Gambler,Lightnin' Hopkins,blues,0.848,0.548,298160,0.123,0.000845,10,0.114,-16.654,1,0.051,177.152,3,0.553
T-Bone Blues,T-Bone Walker,blues,0.805,0.541,228627,0.283,0.0367,0,0.0736,-13.659,1,0.0527,76.828,4,0.564
I Believe (Everything Gonna Be Alright),Thornetta Davis,blues,0.0946,0.567,344507,0.864,1.42e-05,0,0.451,-6.252,1,0.0556,115.937,4,0.484
Truth!,Ruthie Foster,blues,0.573,0.488,238480,0.762,0.00248,11,0.354,-5.394,0,0.113,179.568,4,0.775
Married To The Blues,Shemekia Copeland,blues,0.291,0.572,432200,0.248,0.0444,11,0.0813,-10.86,0,0.0337,127.564,3,0.302
Give Me One Reason,Tracy Chapman,blues,0.602,0.608,268333,0.419,7.58e-06,11,0.108,-10.016,1,0.0331,100.22,4,0.602
Lord I Just Can’t Keep From Crying,Danielle Nicole,blues,0.189,0.702,254107,0.598,0.0,1,0.0861,-6.012,1,0.0467,72.495,4,0.644
Texas Flyer,Freddie King,blues,0.0326,0.639,227893,0.52,0.402,8,0.133,-12.453,1,0.0469,113.262,4,0.885
The Forecast (Calls For Pain),The Robert Cray Band,blues,0.0754,0.698,241373,0.755,0.000321,2,0.141,-7.591,0,0.0262,90.782,4,0.838
Gone for Good,Samantha Fish,blues,0.0806,0.703,237557,0.809,0.00877,0,0.33,-8.873,1,0.0729,114.138,4,0.523
"Layla - Acoustic; Live at MTV Unplugged, Bray Film Studios, Windsor, England, UK, 1/16/1992; 2013 Remaster",Eric Clapton,blues,0.321,0.558,289027,0.524,0.000952,2,0.94,-11.626,0,0.0459,93.654,4,0.636
Let Me Be,Albert Cummings,blues,0.572,0.654,332560,0.314,0.00874,8,0.112,-10.784,1,0.0379,118.491,4,0.176
What's the Matter with You,Elles Bailey,blues,0.553,0.44,232724,0.466,0.000441,11,0.158,-8.741,0,0.0379,169.769,3,0.332
Hello Central (Give Me 209),Lightnin' Hopkins,blues,0.953,0.641,178172,0.35,0.000214,8,0.127,-12.653,1,0.0308,69.537,4,0.351
Misunderstood,Carolyn Wonderland,blues,0.196,0.604,209000,0.761,0.00248,0,0.0858,-4.18,1,0.0321,109.823,4,0.827
Bad Town,Umberto Porcaro,blues,0.137,0.251,263758,0.852,0.817,2,0.251,-4.587,1,0.0406,167.931,4,0.712
You Shook Me - Remaster,Led Zeppelin,blues,0.647,0.366,388467,0.56,0.00703,11,0.18,-10.361,0,0.0633,155.42,3,0.361
Angel Of Mercy (Live),Joe Bonamassa,blues,0.0194,0.458,402288,0.823,0.0187,2,0.984,-7.246,1,0.0426,113.282,3,0.65
I Need You Tonight - 2008 Remaster,ZZ Top,blues,0.0579,0.653,378627,0.653,0.311,0,0.339,-5.164,1,0.0252,96.914,4,0.513
I'm Ready,Freddie King,blues,0.193,0.612,226773,0.553,9.18e-05,2,0.282,-11.23,1,0.038,132.735,4,0.935
Bring It on Home - Remaster,Led Zeppelin,blues,0.479,0.345,259741,0.461,0.0184,9,0.0993,-12.063,1,0.0645,96.346,4,0.171
Caught Out In The Rain,Beth Hart,blues,0.651,0.38,433200,0.279,0.0603,2,0.0823,-11.842,0,0.0427,150.53,3,0.139
Sloe Gin,Joe Bonamassa,blues,0.0299,0.393,492067,0.604,0.0265,9,0.08,-8.368,0,0.0395,137.997,4,0.304
Goodbye Pork Pie Hat / Brush With The Blues (Medley) - Live,Jeff Beck,blues,0.279,0.355,374933,0.501,0.329,9,0.684,-7.605,1,0.0879,182.364,3,0.281
Cognac (feat. Jeff Beck & Keith Richards),Buddy Guy,blues,0.227,0.313,322280,0.707,0.00237,7,0.0949,-4.772,1,0.0363,175.158,3,0.537
My House Is Green,Thomas Blug,blues,0.00946,0.527,242013,0.853,0.00265,7,0.285,-6.398,1,0.0382,97.014,4,0.379
[Won't Be] Coming Home,Robert Cray,blues,0.0543,0.69,292427,0.788,0.00285,2,0.255,-4.437,0,0.0242,89.006,4,0.468
Known Unknowns,Joe Bonamassa,blues,0.0246,0.516,408307,0.774,0.00284,2,0.102,-7.278,1,0.0283,81.927,4,0.56
Voodoo Blues,Gráinne Duffy,blues,0.0525,0.449,166613,0.682,3.08e-05,9,0.273,-5.449,1,0.0332,87.194,4,0.411
It's 2 A.M.,Shemekia Copeland,blues,0.0122,0.566,270413,0.853,7.97e-06,8,0.652,-3.513,1,0.0342,122.647,4,0.937
What Have I Done Wrong?,Luther Allison,blues,0.0353,0.691,288427,0.787,0.021,0,0.476,-9.323,1,0.0361,113.03,4,0.892
Unconditional,Ana Popovic,blues,0.0385,0.643,232600,0.516,0.00551,11,0.0783,-6.357,0,0.0382,117.803,4,0.42
Kozmic Blues,Janis Joplin,blues,0.737,0.338,261893,0.62,0.267,7,0.624,-8.22,1,0.0455,176.922,3,0.5
The Heart That Never Waits,Joe Bonamassa,blues,0.274,0.513,351253,0.854,0.000206,11,0.327,-6.075,0,0.0394,88.014,4,0.504
Arkansas,Larry McCray,blues,0.0159,0.636,275413,0.882,0.000163,4,0.621,-4.733,1,0.0519,89.055,4,0.753
What's Done Is Done,Allman Brothers Band,blues,0.0599,0.428,248373,0.844,0.07,0,0.421,-6.528,1,0.0923,131.356,4,0.752
Tin Pan Alley (AKA Roughest Place in Town),Stevie Ray Vaughan,blues,0.534,0.602,551600,0.127,0.265,6,0.212,-17.257,0,0.036,112.362,3,0.176
I Thank You - 2003 Remaster,ZZ Top,blues,0.318,0.792,203973,0.663,0.0,7,0.0963,-7.85,1,0.0463,111.208,4,0.68
Woman Like You,Kenny Wayne Shepherd,blues,0.00336,0.343,259720,0.901,8.72e-06,7,0.258,-4.298,1,0.0444,174.134,4,0.668
Stop!,Joe Bonamassa,blues,0.362,0.403,408467,0.533,0.000398,11,0.36,-7.742,0,0.0346,169.237,3,0.338
Pack It Up,Freddie King,blues,0.0478,0.548,249760,0.552,0.00168,1,0.0583,-11.248,1,0.13,174.585,4,0.839
Chains And Things,B.B. King,blues,0.593,0.56,293733,0.241,0.195,4,0.122,-15.385,0,0.0314,79.537,4,0.341
Sweet Sixteen,Nasta Super,blues,0.106,0.445,534866,0.429,0.00425,0,0.139,-10.7,1,0.0414,172.351,3,0.31
Hold on I'm Coming,Eric Clapton,blues,0.0756,0.47,378827,0.904,0.00106,2,0.248,-5.389,1,0.0486,180.311,4,0.553
Brown Sugar,ZZ Top,blues,0.724,0.471,321800,0.451,0.0635,9,0.221,-10.661,0,0.0661,107.367,4,0.47
The Sky Is Crying - 1985 Version,Stevie Ray Vaughan,blues,0.00514,0.313,276733,0.506,4.24e-05,4,0.0877,-9.555,1,0.0425,163.998,3,0.453
Take The Time,Reese Wynans and Friends,blues,0.0961,0.557,318364,0.932,0.00024,4,0.298,-4.248,1,0.0546,144.095,4,0.651
