Cancion,Artista,categoria,acousticness,danceability,duration_ms,energy,instrumentalness,key,liveness,loudness,mode,speechiness,tempo,time_signature,valence
"Cello Suite No. 1 in G Major, BWV 1007: I. Prélude",Johann Sebastian Bach,clasica,0.9,0.257,151480,0.109,0.867,7,0.0762,-21.356,1,0.0597,75.02,4,0.307
"The Well-Tempered Clavier, Book 1, BWV 846-869 / Prelude & Fugue in C Major, BWV 846: I. Prelude",Johann Sebastian Bach,clasica,0.989,0.221,139307,0.126,0.897,0,0.102,-25.427,1,0.0447,133.63,4,0.216
"Bagatelle No. 25 in A Minor, WoO 59 ""Für Elise""",Ludwig van Beethoven,clasica,0.987,0.289,212067,0.0306,0.911,9,0.102,-30.79,0,0.0446,125.61,3,0.118
"Suite No. 3 in D Major, BWV 1068: II. Air",Johann Sebastian Bach,clasica,0.922,0.0769,363253,0.0846,0.929,2,0.113,-25.997,1,0.045,176.329,4,0.0586
Pachelbel: Canon and Gigue for Three Violins and Continuo in D Major: Canon,Johann Pachelbel,clasica,0.744,0.128,301587,0.132,0.942,2,0.107,-17.67,1,0.0353,85.314,4,0.0988
"Handel / Orch. Hale: Keyboard Suite No. 4 in D Minor, HWV 437: III. Sarabande",George Frideric Handel,clasica,0.927,0.0939,207267,0.0336,0.83,2,0.0954,-24.041,0,0.0606,67.359,3,0.0516
Gnossienne No. 1,Erik Satie,clasica,0.996,0.376,296480,0.00579,0.944,5,0.0882,-31.615,0,0.0576,71.827,4,0.0369
"The Carnival of the Animals, R. 125: XIII. The Swan (Arr. for Cello and Piano)",Camille Saint-Saëns,clasica,0.986,0.169,174267,0.0161,0.86,9,0.0805,-31.034,0,0.0442,128.143,3,0.0573
"Suite bergamasque, L. 75: III. Clair de lune",Claude Debussy,clasica,0.993,0.335,294960,0.00501,0.919,1,0.0618,-33.366,1,0.0451,132.085,3,0.0383
Méditation from Thaïs,Jules Massenet,clasica,0.87,0.114,331933,0.0701,0.431,4,0.0916,-23.417,0,0.0445,89.33,1,0.0371
"An der schönen blauen Donau, Op. 314",Johann Strauss II,clasica,0.975,0.233,707173,0.0252,0.601,2,0.143,-24.824,1,0.0346,94.736,4,0.0936
"Danse Macabre, Op. 40, R.171",Camille Saint-Saëns,clasica,0.898,0.371,442693,0.131,0.925,7,0.0847,-23.899,0,0.0422,106.872,4,0.0656
Mahler: Symphony No. 5 in C-Sharp Minor: IV. Adagietto. Sehr langsam,Gustav Mahler,clasica,0.896,0.0783,583293,0.0523,0.945,5,0.0806,-23.247,1,0.0471,82.015,4,0.0327
Rodrigo: Concierto de Aranjuez: II. Adagio,Joaquín Rodrigo,clasica,0.93,0.253,640267,0.098,0.862,11,0.122,-19.878,0,0.0437,84.865,4,0.062
"Sonata No. 14 ""Moonlight"" in C-Sharp Minor"", Op. 27 No. 2: I. Adagio sostenuto",Ludwig van Beethoven,clasica,0.995,0.184,315427,0.00527,0.887,1,0.173,-37.264,0,0.0432,170.612,3,0.151
Scheherazade: The Tale of the Kalendar Prince,Nikolai Rimsky-Korsakov,clasica,0.962,0.235,200360,0.0639,0.603,11,0.466,-24.404,0,0.049,120.736,3,0.0781
The Lark Ascending,Ralph Vaughan Williams,clasica,0.903,0.0946,933076,0.0129,0.294,4,0.082,-32.298,0,0.0491,82.741,4,0.0382
"Piano Concerto No. 2 in C Minor, Op. 18: 2. Adagio sostenuto",Sergei Rachmaninoff,clasica,0.983,0.194,644273,0.0545,0.945,4,0.0551,-24.877,1,0.0366,140.966,4,0.0385
"Ständchen in D Minor (After Schubert), S. 560",Franz Liszt,clasica,0.993,0.341,357747,0.0142,0.921,2,0.113,-28.293,1,0.0388,76.382,1,0.0384
"Chopin: Nocturne No. 20 in C-Sharp Minor, Op. Posth.",Frédéric Chopin,clasica,0.992,0.225,259493,0.0047,0.881,1,0.0722,-30.928,0,0.0509,163.665,4,0.186
"Liebestraum No. 3 in A-Flat Major, S. 541 / 3",Franz Liszt,clasica,0.987,0.279,293147,0.0292,0.902,8,0.104,-26.804,1,0.0406,136.732,3,0.0338
"Andante festivo for Strings and Timpani, JS 34b",Jean Sibelius,clasica,0.484,0.113,337840,0.161,0.928,7,0.16,-20.046,1,0.0442,65.062,4,0.0365
"Piano Concerto No. 3 in C, Op. 26: 1. Andante - Allegro",Sergei Prokofiev,clasica,0.948,0.349,564640,0.254,0.856,9,0.0843,-16.207,0,0.0359,133.429,4,0.101
"Recomposed By Max Richter: Vivaldi, The Four Seasons: Spring 1 - 2012",Max Richter,clasica,0.499,0.701,151507,0.341,0.903,1,0.359,-12.26,0,0.0418,105.513,3,0.163
"Piano Concerto in A Minor, Op. 16: I. Allegro molto moderato",Edvard Grieg,clasica,0.981,0.312,766213,0.0465,0.9,9,0.0872,-26.438,0,0.0378,130.303,3,0.0371
"Piano Concerto in A Minor, Op. 16: I. Allegro molto moderato",Edvard Grieg,clasica,0.975,0.302,820853,0.119,0.887,9,0.11,-18.059,0,0.0386,94.4,4,0.0381
O Magnum Mysterium: O magnum mysterium,Morten Lauridsen,clasica,0.991,0.0623,415800,0.0116,0.445,2,0.0816,-27.893,1,0.0567,65.057,3,0.0331
Barber: Adagio for Strings,Samuel Barber,clasica,0.974,0.102,537427,0.0733,0.859,10,0.28,-24.133,0,0.0488,73.954,3,0.0308
"Elgar: Cello Concerto in E Minor, Op. 85: I. Adagio - Moderato",Edward Elgar,clasica,0.944,0.148,478573,0.0722,0.148,4,0.115,-25.217,0,0.0427,87.882,4,0.0467
Khachaturian: Spartacus Suite No. 2: I. Adagio of Spartacus and Phrygia,Aram Khachaturian,clasica,0.807,0.165,592040,0.106,0.782,8,0.105,-21.742,1,0.039,105.651,3,0.0336
Prince Igor (Knyaz Igor): Act II: Polovtsian Dances - Ulyetay na kril'yahk vyetra (Fly away on the wings of the wind) (version for chorus),Alexander Borodin,clasica,0.922,0.292,642573,0.246,0.525,2,0.107,-14.96,1,0.0385,109.766,4,0.0859
Piano Concerto in One Movement: Adagio cantabile,Florence Beatrice Price,clasica,0.984,0.154,371667,0.029,0.89,2,0.129,-26.927,1,0.0374,78.51,5,0.0376
"Elégie in C Minor, Op. 24 (Arr. Parkin)",Gabriel Fauré,clasica,0.966,0.115,455467,0.0422,0.919,8,0.0896,-24.137,1,0.0404,87.855,3,0.037
"Ravel: Pavane pour une infante défunte, M. 19",Maurice Ravel,clasica,0.994,0.491,346587,0.0176,0.927,4,0.0985,-26.911,0,0.0644,125.793,3,0.0901
"Violin Sonata in A major, FWV 8: IV. Allegretto poco mosso",César Franck,clasica,0.958,0.25,364093,0.135,0.0349,9,0.0477,-18.615,1,0.0488,94.404,4,0.179
"Piano Concerto No. 1 in B-Flat Minor, Op. 23: I. Allegro non troppo e molto maestoso – Allegro con spirito",Pyotr Ilyich Tchaikovsky,clasica,0.976,0.212,1252322,0.119,0.907,1,0.087,-20.511,1,0.0366,84.346,3,0.0396
Spiegel im Spiegel - Version for Violin and Piano,Arvo Pärt,clasica,0.899,0.176,636000,0.006,3.24e-05,5,0.105,-42.238,1,0.0384,71.477,3,0.0383
"Symphony No. 8 In B Minor, D.759 - ""Unfinished"": 1. Allegro moderato",Franz Schubert,clasica,0.903,0.101,902467,0.0326,0.863,11,0.117,-17.268,0,0.0386,73.674,4,0.0526
"Rhapsody on a Theme of Paganini, Op. 43: Variation No. 18 Andante cantabile",Sergei Rachmaninoff,clasica,0.98,0.205,174653,0.0525,0.906,1,0.103,-23.841,1,0.0327,88.316,4,0.0511
The Sorcerer's Apprentice,Paul Dukas,clasica,0.797,0.351,577440,0.206,0.255,1,0.0738,-22.657,1,0.0597,130.415,4,0.0839
"Sechs Klavierstücke, Op. 118: II. Intermezzo in A Major",Johannes Brahms,clasica,0.994,0.299,378733,0.00626,0.901,9,0.0823,-30.923,1,0.0478,69.043,4,0.0634
"Violin Concerto No. 1 in G Minor, Op. 26: III. Finale. Allegro energico",Max Bruch,clasica,0.906,0.365,463000,0.0718,0.347,7,0.0506,-21.408,1,0.0452,90.666,4,0.255
"Rêverie, L. 68: Rêverie",Claude Debussy,clasica,0.994,0.296,257000,0.00896,0.91,7,0.0815,-31.948,0,0.0394,69.44,3,0.0673
"Petite Suite de Concert, Op. 77: III. Un sonnet d'amour",Samuel Coleridge-Taylor,clasica,0.937,0.234,220000,0.0251,0.202,9,0.101,-28.627,1,0.0449,126.31,4,0.04
"Serenade in B-Flat Major, K. 361 ""Gran Partita"": III. Adagio",Wolfgang Amadeus Mozart,clasica,0.991,0.171,330000,0.037,0.898,3,0.123,-25.191,1,0.0409,67.89,4,0.037
Il barbiere di Siviglia: Overture (Sinfonia),Gioachino Rossini,clasica,0.906,0.322,425000,0.14,0.759,4,0.125,-20.747,1,0.0489,92.122,4,0.285
"Turandot, SC 91, Act III: Nessun dorma!",Giacomo Puccini,clasica,0.963,0.212,177333,0.301,0.0033,2,0.13,-12.505,1,0.0384,84.025,4,0.0798
"Peer Gynt, Op. 23: Act II, 7, In the Hall of the Mountain King",Edvard Grieg,clasica,0.955,0.436,153267,0.151,0.793,11,0.11,-20.745,0,0.0603,103.777,4,0.359
"Paganini: 24 Caprices, Op. 1: No. 24 in A Minor",Niccolò Paganini,clasica,0.978,0.465,268853,0.128,0.271,9,0.0423,-17.628,0,0.0519,111.471,4,0.428
"Dolly Suite, Op. 56: I. Berceuse",Gabriel Fauré,clasica,0.995,0.37,176518,0.0076,0.91,4,0.0864,-33.663,1,0.0384,62.668,4,0.278
"Goldberg Variations, BWV 988: Variatio 7 a 1 ovvero 2 Clav. Al tempo di Giga",Johann Sebastian Bach,clasica,0.994,0.31,140040,0.0555,0.906,7,0.121,-25.695,1,0.0395,70.515,4,0.566
"Prokofiev: Romeo and Juliet, Op. 64, Act 1, Scene 2: Dance of the Knights",Sergei Prokofiev,clasica,0.927,0.21,341693,0.101,0.902,0,0.0776,-19.383,1,0.0403,86.314,4,0.153
"Symphonic Variations on an African Air, Op. 63",Samuel Coleridge-Taylor,clasica,0.959,0.224,1215573,0.0291,0.845,7,0.11,-26.167,1,0.0455,120.946,4,0.0538
The Rite of Spring: Part One: Adoration of the Earth: Introduction,Igor Stravinsky,clasica,0.947,0.101,208587,0.0241,0.847,11,0.0693,-30.172,0,0.0485,87.14,3,0.0329
Violin Concerto No. 10 in G Major: Largo,Joseph Boulogne Chevalier de Saint-Georges,clasica,0.928,0.212,397640,0.0517,0.639,2,0.112,-24.467,1,0.0525,185.678,3,0.152
"The Gadfly Suite, Op. 97a: VIII. Romance",Dmitri Shostakovich,clasica,0.969,0.116,195333,0.0694,0.644,0,0.109,-23.624,1,0.0497,169.789,4,0.0377
"The Four Seasons - Violin Concerto in F Minor, Op. 8 No. 4, RV 297 ""Winter"": I. Allegro non molto",Antonio Vivaldi,clasica,0.81,0.48,204147,0.163,0.754,5,0.093,-19.117,0,0.0645,158.366,4,0.212
"Piano Concerto in C-Sharp Minor, FP 146: I. Allegretto commodo - Live",Francis Poulenc,clasica,0.971,0.193,580253,0.0839,0.822,8,0.118,-22.849,1,0.0406,85.556,4,0.0569
"Pelléas et Mélisande, Op. 80: 4. Sicilienne",Gabriel Fauré,clasica,0.938,0.164,233400,0.0194,0.859,3,0.0939,-34.126,1,0.0434,101.708,3,0.0581
"Widmung, Op. 25 No. 1",Robert Schumann,clasica,0.992,0.243,237960,0.0325,0.879,8,0.108,-23.379,1,0.0454,74.26,3,0.0404
"Serenade for Strings in C major, Op. 48: II. Walzer: Moderato, tempo di valse",Pyotr Ilyich Tchaikovsky,clasica,0.925,0.241,209373,0.122,0.66,7,0.126,-22.411,1,0.0497,66.325,4,0.187
"Symphony No. 40 in G Minor, K. 550: I. Molto allegro",Wolfgang Amadeus Mozart,clasica,0.877,0.327,435160,0.332,0.751,7,0.129,-12.971,0,0.0404,118.85,4,0.285
"Piano Concerto No. 5 in E-Flat Major, Op. 73 ""Emperor"": II. Adagio un poco mosso - Live at Konzerthaus Berlin / 2018",Ludwig van Beethoven,clasica,0.978,0.166,473787,0.0363,0.922,11,0.0882,-26.822,1,0.0381,84.467,4,0.039
On the Nature of Daylight,Max Richter,clasica,0.154,0.065,371747,0.341,0.854,10,0.109,-12.743,0,0.0482,65.38,4,0.0334
"St. Matthew Passion, BWV 244 / Part Two: ""Erbarme dich""",Johann Sebastian Bach,clasica,0.935,0.24,423107,0.0648,0.0272,4,0.258,-25.208,0,0.0426,95.286,3,0.0771
"Hungarian Dance No. 5 in G Minor, WoO 1, No. 5",Johannes Brahms,clasica,0.903,0.349,150507,0.0503,0.153,6,0.228,-18.668,0,0.038,107.272,3,0.295
"Cello Concerto No. 1, Op. 107: 1. Allegretto",Dmitri Shostakovich,clasica,0.963,0.463,359667,0.162,0.825,7,0.0943,-24.484,0,0.045,125.514,4,0.374
"Symphony No. 5 in C Minor, Op. 67: I. Allegro con brio",Ludwig van Beethoven,clasica,0.956,0.25,442000,0.318,0.897,0,0.0976,-15.605,0,0.0411,98.171,4,0.188
"Goldberg Variations, BWV 988: Aria da capo",Johann Sebastian Bach,clasica,0.995,0.436,224133,0.00518,0.932,7,0.0788,-36.593,1,0.067,135.286,5,0.275
"Cello Concerto In B Minor, Op. 104, B. 191: I. Allegro",Antonín Dvořák,clasica,0.963,0.231,942000,0.132,0.671,2,0.135,-20.277,1,0.0442,121.238,4,0.0557
Piazzolla: Libertango,Alison Balsom,clasica,0.927,0.367,273562,0.316,0.779,9,0.113,-14.49,0,0.0429,149.089,4,0.242
Symphony No. 3 in C Minor: II. Andante ma non troppo,Florence Beatrice Price,clasica,0.977,0.096,572520,0.0325,0.852,8,0.0738,-24.978,1,0.0416,87.85,4,0.035
"Symphony No. 9 in E Minor, Op. 95 ""From the New World"": II. Largo - Live",Antonín Dvořák,clasica,0.89,0.154,775307,0.00261,0.763,1,0.125,-36.267,1,0.0419,83.549,4,0.0366
Merry Christmas Mr. Lawrence (Arr. Metcalfe),Jess Gillam,clasica,0.984,0.339,277148,0.0592,0.863,10,0.12,-17.647,0,0.0373,105.908,4,0.198
"Tsar Saltan, Op. 57: Flight of the Bumblebee",André Previn,clasica,0.977,0.458,84267,0.11,0.903,9,0.359,-22.234,0,0.0309,83.43,4,0.481
"Symphony No. 5 in E-Flat Major, Op. 82: 3. Allegro molto",Jean Sibelius,clasica,0.865,0.162,481600,0.139,0.918,8,0.216,-20.694,1,0.0386,94.009,3,0.0903
"String Sextet in D Minor, Op. 70, ""Souvenir de Florence"": I. Allegro con spirito",Pyotr Ilyich Tchaikovsky,clasica,0.894,0.352,626240,0.235,0.675,2,0.396,-16.235,1,0.0398,109.16,1,0.329
"Sonata for 2 Pianos in D Major, K. 448/375a: I. Allegro con spirito",Wolfgang Amadeus Mozart,clasica,0.99,0.376,503000,0.18,0.879,9,0.097,-21.004,1,0.0329,132.125,4,0.555
Hummel: Trumpet Concerto In E Flat - Iii Rondo,Johann Nepomuk Hummel,clasica,0.98,0.496,224640,0.249,0.934,3,0.12,-18.131,1,0.0411,144.239,4,0.719
Young Person's Guide To The Orchestra,Benjamin Britten,clasica,0.94,0.218,1050893,0.117,0.861,0,0.15,-18.585,1,0.0489,77.009,4,0.0599
"Serenade for Strings in E Major, Op. 22, B. 52: II. Tempo di valse",Antonín Dvořák,clasica,0.755,0.0,432533,0.0842,0.889,9,0.262,-19.397,1,0.0,0.0,0,0.0
"Delius: 2 Pieces for Small Orchestra: No. 1, On Hearing the First Cuckoo in Spring",Frederick Delius,clasica,0.851,0.0716,349760,0.0408,0.901,7,0.0844,-28.284,1,0.0399,77.047,4,0.0377
"Symphony No. 6 in F Major, Op. 68 ""Pastoral"": I. Awakening of Cheerful Feelings Upon Arrival in the Country: Allegro ma non troppo",Ludwig van Beethoven,clasica,0.932,0.302,716933,0.0355,0.304,0,0.043,-24.074,1,0.0363,115.104,4,0.186
"Nocturne No. 2 in E-Flat Major, Op. 9 No. 2",Frédéric Chopin,clasica,0.985,0.411,248933,0.0487,0.918,10,0.0944,-25.68,1,0.0383,128.859,1,0.101
"Violin Concerto in E Minor, Op. 64, MWV O 14: 1. Allegro molto appassionato",Felix Mendelssohn,clasica,0.919,0.287,727787,0.145,0.144,4,0.0987,-19.665,0,0.0406,101.679,4,0.167
"Mozart: Clarinet Concerto in A Major, K. 622: II. Adagio",Wolfgang Amadeus Mozart,clasica,0.98,0.0999,532040,0.0241,0.766,2,0.0623,-25.651,1,0.0432,89.001,3,0.0396
"Respighi: Pini di Roma, P. 141: III. I pini del Gianicolo",Ottorino Respighi,clasica,0.901,0.0754,462162,0.0102,0.106,4,0.0817,-35.69,1,0.0464,81.324,4,0.0331
"The Nutcracker, Op. 71, TH.14 / Act 2: No. 12b Coffee (Arabian Dance)",Pyotr Ilyich Tchaikovsky,clasica,0.941,0.156,191160,0.00709,0.799,7,0.0986,-34.153,0,0.0382,97.925,3,0.041
"Violin Concerto No. 1 in G minor, Op. 26: 1. Vorspiel (Allegro moderato)",Max Bruch,clasica,0.864,0.169,473893,0.0974,0.632,3,0.087,-21.414,1,0.042,170.379,5,0.0524
Orfeo Ed Euridice: Dance of the Blessed Spirits (Act II),Christoph Willibald Gluck,clasica,0.972,0.201,409000,0.0659,0.931,5,0.0551,-27.143,1,0.0521,91.363,4,0.089
Rhapsody in Blue,George Gershwin,clasica,0.976,0.309,890000,0.258,0.69,9,0.0924,-15.327,1,0.0459,74.568,4,0.115
"Mephisto Waltz No. 1, S. 514",Franz Liszt,clasica,0.981,0.356,662600,0.152,0.903,4,0.0807,-20.155,1,0.0406,132.413,4,0.04
"Comptine d'un autre été, l'après-midi",Yann Tiersen,clasica,0.991,0.483,140733,0.192,0.908,4,0.106,-15.378,0,0.0469,100.848,4,0.0542
Appalachian Spring: VII. Doppio movimento,Aaron Copland,clasica,0.978,0.186,183267,0.124,0.865,1,0.111,-15.271,1,0.0434,77.903,4,0.248
Nascence,Austin Wintory,clasica,0.935,0.184,106960,0.109,0.945,11,0.129,-18.185,0,0.0413,105.838,3,0.0374
Speaking Unto Nations (Beethoven Symphony no 7 - II ),Ludwig van Beethoven,clasica,0.509,0.0992,302987,0.0249,0.805,4,0.0831,-20.744,0,0.0427,82.834,3,0.0364
"Symphony No. 3 in F Major, Op. 90: I. Allegro con brio - Un poco sostenuto - Tempo I",Johannes Brahms,clasica,0.976,0.156,703720,0.0978,0.893,5,0.0854,-16.326,1,0.0371,179.447,3,0.0638
"Ave Maria, D. 839",Franz Schubert,clasica,0.994,0.123,256573,0.138,0.686,10,0.11,-15.538,1,0.0476,73.415,3,0.0433
"Carmen, Act I: No.5 Habanera : L'amour est un oiseau rebelle (Carmen/Cigarières/Jeunes gens/Dragons)",Georges Bizet,clasica,0.978,0.364,275467,0.0592,0.0,2,0.0823,-21.757,1,0.057,123.789,4,0.185
"4 Impromptus, Op. 90, D.899: No. 4 in A Flat Major: Allegretto",Franz Schubert,clasica,0.987,0.343,497773,0.0209,0.922,8,0.126,-27.015,1,0.0398,125.242,3,0.0393
"Tchaikovsky: 1812 Overture in E-Flat Major, Op. 49",Pyotr Ilyich Tchaikovsky,clasica,0.886,0.173,905667,0.182,0.894,3,0.224,-18.848,1,0.0437,70.831,4,0.0781
Parce Mihi Domine,Jan Garbarek,clasica,0.995,0.193,402493,0.0656,0.829,10,0.119,-19.239,1,0.0471,128.975,3,0.0359
"Organ Sonata No. 4, BWV 528: II. Andante [Adagio] (Transcr. by August Stradal)",Johann Sebastian Bach,clasica,0.992,0.384,326520,0.0414,0.897,11,0.0684,-23.019,0,0.0378,71.224,4,0.0618
"The Hebrides, Op. 26 (Fingal's Cave)",Felix Mendelssohn,clasica,0.841,0.219,616187,0.154,0.855,11,0.164,-18.17,0,0.0389,123.625,4,0.108
"Symphony No. 3 in C Minor, Op. 78 ""Organ Symphony"": IIb. Maestoso - Più allegro - Molto allegro",Camille Saint-Saëns,clasica,0.871,0.223,469053,0.227,0.891,0,0.063,-17.695,1,0.0343,103.618,4,0.127
"Sibelius: Finlandia, Op. 26",Jean Sibelius,clasica,0.903,0.177,485667,0.127,0.901,8,0.114,-19.167,1,0.0394,149.698,4,0.0612
"Cavatina (From ""The Deer Hunter"")",Stanley Myers,clasica,0.99,0.366,204007,0.0433,0.903,4,0.085,-30.56,1,0.0416,88.452,4,0.356
"Rhapsodie Orientale, Op. 29: 1. Andante",Alexander Glazunov,clasica,0.978,0.0989,272440,0.0176,0.651,1,0.0763,-30.951,1,0.042,89.327,3,0.0351
The Godfather: V. Love Theme,Nino Rota,clasica,0.96,0.099,170400,0.0567,0.81,1,0.104,-20.712,1,0.0398,82.744,4,0.0456
Pushkin's Garland: Reveille,Georgy Sviridov,clasica,0.981,0.152,332720,0.0104,0.00198,1,0.12,-29.801,1,0.0348,103.39,3,0.0345
"St. Paul's Suite, Op. 29 No. 2, H 118: 3. Intermezzo: Andante con moto",Gustav Holst,clasica,0.671,0.183,250333,0.0465,0.795,4,0.0994,-22.96,0,0.0462,88.055,4,0.151
"Variations on a Rococo Theme, Op. 33, TH 57: Var: VI. Andante",Pyotr Ilyich Tchaikovsky,clasica,0.964,0.119,156573,0.031,0.165,2,0.111,-31.179,1,0.0483,88.858,4,0.0388
Jazz Suite No. 2: IV. Waltz I,Dmitri Shostakovich,clasica,0.931,0.23,204373,0.2,0.934,10,0.0855,-18.457,1,0.0404,103.923,4,0.185
Adagio for Strings and Organ in G Minor,Remo Giazotto,clasica,0.553,0.125,710000,0.0734,0.875,0,0.176,-21.889,0,0.0351,96.982,4,0.0347
"Serse, HWV 40: Ombra mai fù",George Frideric Handel,clasica,0.547,0.134,176547,0.177,0.356,5,0.108,-16.486,1,0.0429,86.181,3,0.0639
"Trois chansons, M.69: 2. Trois beaux oiseaux du Paradis",Maurice Ravel,clasica,0.971,0.201,201000,0.0113,0.000853,8,0.0678,-37.468,1,0.0447,128.673,1,0.0387
"Trumpet Concerto in D Major, TWV 51:D7: I. Adagio",Georg Philipp Telemann,clasica,0.953,0.176,119627,0.132,0.586,1,0.0886,-16.932,1,0.0408,74.287,4,0.0835
Nimrod (Lux Aeterna),Edward Elgar,clasica,0.993,0.0986,232667,0.0949,0.353,1,0.0847,-21.002,1,0.0441,174.628,4,0.0363
Solomon HWV 67 / Act 3: The Arrival Of The Queen Of Sheba,George Frideric Handel,clasica,0.878,0.625,191493,0.351,0.938,10,0.0569,-15.884,1,0.0423,116.961,4,0.794
"Symphony No. 25 in G Minor, K. 183: I. Allegro con brio",Wolfgang Amadeus Mozart,clasica,0.987,0.428,460027,0.237,0.896,7,0.0849,-13.764,0,0.0351,79.904,4,0.357
"Nonet in E-Flat Major, Op. 38: III. Scherzo. Vivace",Louise Farrenc,clasica,0.976,0.39,307893,0.0462,0.624,0,0.0893,-24.885,1,0.0429,79.268,4,0.305
String Quartet: I. Modere,Germaine Tailleferre,clasica,0.959,0.262,147040,0.107,0.463,4,0.195,-17.973,1,0.0448,76.65,4,0.136
"Symphonie fantastique, Op. 14: Marche au supplice (Allegro non troppo)",Hector Berlioz,clasica,0.948,0.354,431787,0.208,0.918,10,0.0802,-17.761,1,0.0388,148.049,4,0.327
Etude No. 2,Philip Glass,clasica,0.992,0.235,295560,0.166,0.87,5,0.101,-19.632,1,0.0347,101.182,4,0.0356
"Symphony No. 104 in D Major, Hob.I:104 ""London"": 4. Finale (Spiritoso) - Live from City Recital Hall, Sydney, 2018",Joseph Haydn,clasica,0.842,0.443,381452,0.177,0.762,2,0.0998,-17.215,1,0.0361,74.39,4,0.367
"Prelude & Fughetta in G Major, BWV 902: I. Prelude",Johann Sebastian Bach,clasica,0.992,0.38,206427,0.254,0.926,2,0.117,-24.967,1,0.0365,101.1,4,0.805
3 Pieces for cello and piano: No. 1. Modere,Nadia Boulanger,clasica,0.988,0.164,157067,0.0185,0.888,3,0.0801,-30.778,0,0.0412,86.65,4,0.078
"Kinderszenen, Op. 15: No. 7 in F Major, Träumerei",Robert Schumann,clasica,0.995,0.5,186840,0.0123,0.954,5,0.0748,-30.17,1,0.0712,130.128,3,0.313
"Symphony No. 4 in E-Flat Major, WAB 104, ""Romantic"": I. Bewegt, nicht zu schnell",Anton Bruckner,clasica,0.948,0.0704,1150160,0.0657,0.874,8,0.108,-19.466,1,0.0387,61.017,4,0.0361
Lohengrin: Prelude,Richard Wagner,clasica,0.928,0.0667,596000,0.047,0.9,9,0.0652,-25.426,1,0.0425,75.446,4,0.0281
"Nocturne No. 1 in B flat minor, Op. 9 No. 1",Frédéric Chopin,clasica,0.982,0.342,334053,0.0179,0.906,1,0.0831,-24.846,1,0.0387,61.757,4,0.0382
3 Gymnopédies: No. 1 Lent et douloureux,Erik Satie,clasica,0.996,0.59,219760,0.00399,0.946,7,0.0683,-36.497,1,0.242,74.381,3,0.182
Violin Concerto BWV 1042 in E Major: Violin Concerto BWV 1042 in E Major: I. Allegro,Johann Sebastian Bach,clasica,0.829,0.441,453507,0.319,0.0,3,0.0765,-13.99,1,0.0392,99.419,4,0.671
"Kol Nidrei - Adagio For Cello, Opus 47",Max Bruch,clasica,0.979,0.109,649200,0.128,0.871,2,0.368,-21.281,1,0.0459,80.71,3,0.0398
"Prélude à l'après-midi d'un faune, L.86",Claude Debussy,clasica,0.964,0.102,644333,0.0259,0.864,8,0.0972,-30.196,0,0.0444,90.128,4,0.0319
"Scottish Fantasy for Violin and Orchestra, Op. 46: I. Introduction: Grave, Adagio cantabile",Max Bruch,clasica,0.877,0.106,530280,0.227,0.738,3,0.112,-15.286,1,0.0462,59.94,4,0.0391
"Holberg Suite, Op. 40: I. Präludium (Allegro vivace)",Edvard Grieg,clasica,0.918,0.233,180000,0.0637,0.947,7,0.118,-22.57,1,0.0373,135.338,4,0.268
"Cello Concerto No. 1 in C Major, Hob.VIIb:1: III. Allegro molto",Joseph Haydn,clasica,0.984,0.375,424307,0.121,0.871,0,0.0984,-23.44,1,0.0406,147.398,4,0.453
"Tchaikovsky: The Nutcracker, Op. 71, Act I, Scene 1: No. 2, March",Pyotr Ilyich Tchaikovsky,clasica,0.977,0.444,145613,0.116,0.868,4,0.0862,-23.172,0,0.041,150.319,4,0.512
"String Quartet No. 62 in C Major, Op. 76, No. 3, Hob.III:77, ""Emperor"": II. Poco adagio, cantabile",Joseph Haydn,clasica,0.984,0.159,462627,0.0401,0.76,7,0.156,-27.516,1,0.0446,106.239,4,0.106
"Concerto for 2 Mandolins, Strings and Continuo in G Major, RV. 532: III. Allegro",Antonio Vivaldi,clasica,0.764,0.548,230507,0.208,0.22,1,0.0929,-21.278,1,0.0421,144.352,3,0.79
The Lamb,John Tavener,clasica,0.924,0.0874,236827,0.0474,0.768,4,0.149,-23.13,0,0.0532,72.393,3,0.0331
"Rigoletto, Act III: La donna è mobile",Giuseppe Verdi,clasica,0.965,0.37,141600,0.248,2.12e-05,6,0.0911,-10.47,1,0.0371,133.33,3,0.384
"Pièces de Clavecin, Livre II, 6e ordre: V. Les Baricades Mistérieuses",François Couperin,clasica,0.99,0.191,100347,0.0946,0.933,10,0.101,-25.59,1,0.037,111.21,4,0.348
"Vaughan Williams: Job, a Masque for Dancing, Scene 9: Epilogue",Ralph Vaughan Williams,clasica,0.866,0.129,208067,0.00212,0.662,7,0.082,-43.738,0,0.0417,99.253,3,0.039
The Firebird (L'oiseau De Feu) - Suite (1919): Finale,Igor Stravinsky,clasica,0.73,0.123,192453,0.225,0.509,4,0.0658,-16.798,1,0.0351,78.132,3,0.055
String Quartet No. 1 'Kreutzer Sonata': String Quartet No. 1 'Kreutzer Sonata': I. Adagio. Con moto,Leoš Janáček,clasica,0.931,0.194,266733,0.101,0.714,11,0.221,-21.772,1,0.048,91.74,3,0.074
"Young Birches, Op. 128, No. 2",Amy Beach,clasica,0.978,0.24,159320,0.0834,0.944,6,0.0804,-29.545,0,0.0499,169.621,4,0.188
"Violin Concerto In D Major, Op. 35: III. Finale: Allegro assai vivace",Erich Wolfgang Korngold,clasica,0.938,0.405,424653,0.318,0.723,9,0.284,-17.14,1,0.0565,151.434,4,0.342
"Tahiti Trot, Op. 16 (orchestral transcription of Youmans' Tea for Two): Taiti Trot (Tahiti Trot), Op. 16 (arr. of V. Youmans - Tea for Two)",Dmitri Shostakovich,clasica,0.95,0.291,249640,0.0981,0.865,8,0.275,-23.156,1,0.0398,138.168,4,0.194
The Promise,Michael Nyman,clasica,0.937,0.0992,256493,0.226,0.903,9,0.183,-14.84,0,0.0339,79.518,4,0.0605
Carmina Burana: I. O Fortuna,Carl Orff,clasica,0.931,0.339,167640,0.0937,0.293,2,0.252,-20.267,1,0.0394,123.048,3,0.458
