Cancion,Artista,categoria,acousticness,danceability,duration_ms,energy,instrumentalness,key,liveness,loudness,mode,speechiness,tempo,time_signature,valence
Knee Deep (feat. Jimmy Buffett),Zac Brown Band,country,0.432,0.715,203173,0.584,1.41e-06,8,0.095,-8.231,1,0.0296,90.99,4,0.609
Fast Car,Luke Combs,country,0.186,0.712,265493,0.603,0.0,8,0.115,-5.52,1,0.0262,97.994,4,0.67
Something Like That,Tim McGraw,country,0.378,0.507,183733,0.85,0.0,5,0.0567,-5.679,1,0.0472,171.8,4,0.847
Brand New Man,Brooks & Dunn,country,0.0904,0.641,179573,0.762,1.26e-06,7,0.101,-4.355,1,0.0451,127.514,4,0.647
Red Dirt Road,Brooks & Dunn,country,0.0664,0.555,260360,0.868,0.000117,5,0.116,-3.798,1,0.0403,136.12,4,0.479
Something to Be Proud Of,Montgomery Gentry,country,0.0811,0.645,256600,0.693,1.22e-05,0,0.175,-6.481,1,0.0344,97.555,4,0.553
These Are My People,Rodney Atkins,country,0.0316,0.558,213653,0.896,0.0,0,0.528,-3.687,1,0.0545,90.064,4,0.63
Write This Down,George Strait,country,0.127,0.729,219600,0.688,9.44e-06,3,0.295,-7.468,1,0.0264,123.867,4,0.671
Carrying Your Love With Me,George Strait,country,0.22,0.629,232427,0.479,0.0,10,0.0587,-10.608,1,0.0271,138.231,4,0.345
Should've Been A Cowboy,Toby Keith,country,0.441,0.618,211307,0.672,1.49e-06,7,0.214,-7.92,1,0.0353,133.439,4,0.705
How Do You Like Me Now?!,Toby Keith,country,0.0534,0.648,209067,0.667,6.94e-06,0,0.0908,-8.986,1,0.0311,109.609,4,0.669
"I Like It, I Love It",Tim McGraw,country,0.0196,0.643,205707,0.961,0.0,0,0.948,-5.298,1,0.0315,124.027,4,0.96
As Good As I Once Was,Toby Keith,country,0.266,0.68,227840,0.87,0.0,5,0.109,-4.461,1,0.0393,119.075,4,0.646
I Wanna Talk About Me,Toby Keith,country,0.168,0.765,183960,0.87,0.0,5,0.125,-5.191,1,0.0499,106.06,4,0.684
She Thinks My Tractor's Sexy,Kenny Chesney,country,0.0664,0.689,248067,0.886,0.0,10,0.278,-7.066,0,0.0382,122.07,4,0.906
Boot Scootin' Boogie,Brooks & Dunn,country,0.22,0.656,198227,0.817,0.0,11,0.304,-4.296,0,0.0435,130.448,4,0.862
Save a Horse (Ride a Cowboy),Big & Rich,country,0.108,0.7,200307,0.896,0.0,2,0.453,-2.276,1,0.191,102.065,4,0.817
Chattahoochee,Alan Jackson,country,0.362,0.606,148160,0.706,0.0,0,0.16,-9.665,1,0.0379,174.533,4,0.819
Friends in Low Places,Brooks Jefferson,country,0.617,0.553,258508,0.655,0.0,9,0.0825,-5.837,1,0.0355,107.739,4,0.624
I Love This Bar,Toby Keith,country,0.024,0.608,335333,0.825,0.00656,2,0.346,-6.303,1,0.0419,115.049,4,0.454
It's Five O'Clock Somewhere (with Jimmy Buffett),Alan Jackson,country,0.22,0.713,230267,0.768,0.0,2,0.177,-6.702,1,0.0363,125.203,4,0.878
People Are Crazy,Billy Currington,country,0.213,0.651,231360,0.699,0.000265,5,0.12,-5.006,1,0.0265,141.938,4,0.36
Beer For My Horses,Toby Keith,country,0.368,0.717,204000,0.85,0.0,10,0.0495,-5.329,1,0.0473,119.005,4,0.805
Watermelon Crawl,Tracy Byrd,country,0.173,0.759,181973,0.723,0.0,0,0.179,-9.315,1,0.028,136.746,4,0.962
Sold (The Grundy County Auction Incident),John Michael Montgomery,country,0.108,0.771,152187,0.848,0.0,2,0.35,-7.365,1,0.035,115.642,4,0.803
Nothin' To Lose,Josh Gracin,country,0.371,0.607,156893,0.876,0.0,7,0.519,-4.117,1,0.0382,121.043,4,0.886
Little Bitty,Alan Jackson,country,0.151,0.571,158627,0.818,0.0,4,0.348,-6.539,1,0.0415,163.045,4,0.728
Louisiana Saturday Night,Mel McDaniel,country,0.532,0.686,144187,0.622,0.0,2,0.0511,-7.31,1,0.0857,163.245,4,0.982
Callin' Baton Rouge,Brooks Jefferson,country,0.447,0.458,157106,0.935,0.000356,2,0.232,-1.989,1,0.0595,107.207,4,0.667
Chicken Fried,Zac Brown Band,country,0.645,0.566,238147,0.713,0.0,6,0.114,-4.25,1,0.0418,169.861,4,0.805
Dixieland Delight,Alabama,country,0.163,0.444,322093,0.414,2.07e-05,2,0.053,-15.04,1,0.0325,95.73,4,0.573
I'm in a Hurry (And Don't Know Why),Alabama,country,0.237,0.748,168813,0.72,0.0,9,0.069,-7.774,1,0.0286,128.69,4,0.86
Margaritaville,Jimmy Buffett,country,0.711,0.8,250933,0.545,0.00191,2,0.104,-13.637,1,0.0357,124.943,4,0.861
Song of the South,Alabama,country,0.176,0.486,190800,0.633,0.0,9,0.312,-8.414,1,0.0365,162.158,4,0.669
If You're Gonna Play in Texas (You Gotta Have a Fiddle in the Band),Alabama,country,0.263,0.449,212667,0.645,2.9e-06,9,0.901,-15.2,1,0.0385,109.581,4,0.777
Mountain Music,Alabama,country,0.141,0.466,217987,0.55,0.0,9,0.149,-9.517,1,0.0437,109.53,4,0.747
Tennessee River,Alabama,country,0.26,0.384,181920,0.64,0.000416,2,0.115,-8.738,1,0.084,92.999,4,0.558
Family Tradition,"Hank Williams, Jr.",country,0.0238,0.66,242960,0.523,0.0,4,0.142,-12.068,1,0.0608,126.342,4,0.794
865,Morgan Wallen,country,0.723,0.532,190680,0.584,0.0,8,0.101,-5.254,1,0.0248,88.003,4,0.367
Hard Workin' Man,Brooks & Dunn,country,0.333,0.692,178493,0.769,1.22e-06,0,0.0552,-9.363,1,0.0369,151.503,4,0.727
Dust On The Bottle,David Lee Murphy,country,0.0237,0.736,224667,0.614,5.84e-06,11,0.292,-11.124,1,0.0389,99.942,4,0.858
John Deere Green,Joe Diffie,country,0.11,0.703,272067,0.834,0.0,7,0.0664,-5.054,1,0.0277,130.391,4,0.722
Redneck Yacht Club,Craig Morgan,country,0.455,0.49,230373,0.817,0.0,8,0.0885,-5.405,1,0.0355,168.115,4,0.808
Tequila Makes Her Clothes Fall Off,Joe Nichols,country,0.129,0.664,187053,0.706,1.06e-06,2,0.0857,-7.045,1,0.027,93.968,4,0.681
My Maria,Brooks & Dunn,country,0.06,0.673,208107,0.842,0.000257,3,0.178,-4.627,1,0.0366,125.57,4,0.898
"No Shoes, No Shirt, No Problems",Kenny Chesney,country,0.243,0.719,209667,0.546,0.00844,7,0.181,-10.239,1,0.032,117.925,4,0.669
Meet In the Middle,Diamond Rio,country,0.663,0.746,198333,0.443,0.0,4,0.223,-11.305,1,0.0359,91.11,4,0.554
Amarillo By Morning,George Strait,country,0.264,0.606,173467,0.361,3.39e-05,9,0.38,-16.031,1,0.0346,121.059,4,0.621
Born Country,Alabama,country,0.332,0.579,196867,0.52,0.0,4,0.165,-8.575,1,0.0361,167.311,3,0.521
If You're Gonna Play in Texas (You Gotta Have a Fiddle in the Band),Alabama,country,0.182,0.501,224240,0.803,0.0,9,0.0717,-6.233,1,0.0572,111.4,4,0.83
Good Directions,Billy Currington,country,0.307,0.716,215853,0.72,0.0,5,0.135,-2.183,1,0.0319,122.512,4,0.464
Here For A Good Time,George Strait,country,0.0858,0.596,180267,0.768,6.23e-06,6,0.116,-6.753,1,0.0369,127.93,4,0.532
All My Ex's Live In Texas,George Strait,country,0.241,0.764,200840,0.336,9.29e-06,9,0.118,-16.024,1,0.0302,130.565,4,0.697
Free And Easy (Down The Road I Go),Dierks Bentley,country,0.00499,0.583,199560,0.782,0.000131,6,0.145,-5.328,1,0.027,120.024,4,0.682
Sideways,Dierks Bentley,country,0.141,0.624,184160,0.915,0.0,5,0.386,-2.627,0,0.0364,108.046,3,0.815
What Was I Thinkin',Dierks Bentley,country,0.152,0.551,260827,0.825,6.2e-06,5,0.0999,-6.24,0,0.044,164.857,4,0.933
Boondocks,Little Big Town,country,0.211,0.41,272347,0.78,0.0,9,0.48,-5.391,1,0.0332,88.016,4,0.695
Little White Church,Little Big Town,country,0.13,0.667,186224,0.878,0.0,10,0.16,-4.797,1,0.0445,107.024,4,0.816
Somethin' 'Bout A Truck,Kip Moore,country,0.0697,0.554,213827,0.794,0.0,11,0.63,-5.417,1,0.035,176.01,4,0.79
Take A Back Road,Rodney Atkins,country,0.183,0.581,209427,0.856,0.0,3,0.0871,-4.0,1,0.0783,169.902,4,0.918
Barefoot Blue Jean Night,Jake Owen,country,0.202,0.599,167427,0.807,0.0,4,0.196,-4.679,1,0.0402,172.017,4,0.812
Farmer's Daughter,Rodney Atkins,country,0.224,0.612,207040,0.791,0.0,6,0.112,-3.519,1,0.0291,133.977,4,0.786
Drink In My Hand,Eric Church,country,0.00635,0.626,191307,0.913,0.0,0,0.293,-4.452,1,0.0318,113.044,4,0.946
Cruise,Florida Georgia Line,country,0.0191,0.457,208960,0.948,0.0,10,0.0536,-3.364,1,0.0354,148.0,4,0.878
Springsteen,Eric Church,country,0.1,0.692,263387,0.809,9.77e-05,2,0.185,-5.935,1,0.0255,104.023,4,0.927
Watching You,Rodney Atkins,country,0.105,0.625,235427,0.848,0.0,2,0.23,-4.008,1,0.0314,137.993,4,0.716
Big Green Tractor,Jason Aldean,country,0.646,0.623,204200,0.59,0.0,4,0.295,-5.014,1,0.028,137.071,4,0.579
Dirt Road Anthem,Jason Aldean,country,0.347,0.68,229400,0.741,1.87e-06,2,0.117,-5.055,1,0.0357,127.024,4,0.635
Red Solo Cup,Toby Keith,country,0.287,0.535,223387,0.56,0.0,4,0.209,-6.586,1,0.0901,164.17,4,0.785
She's Country,Jason Aldean,country,0.198,0.553,220573,0.872,0.0,1,0.0659,-2.832,0,0.0782,172.138,4,0.638
I Don't Want This Night To End,Luke Bryan,country,0.0275,0.616,219973,0.728,0.0,9,0.228,-4.02,0,0.0278,111.934,4,0.375
My Kinda Party,Jason Aldean,country,0.0167,0.41,284960,0.9,1.09e-05,0,0.339,-4.249,0,0.0656,176.962,4,0.558
Drunk On You,Luke Bryan,country,0.178,0.558,213547,0.872,0.0,9,0.173,-4.401,1,0.0449,143.971,4,0.472
Crash My Party,Luke Bryan,country,0.0285,0.526,234760,0.816,0.0,7,0.22,-4.009,1,0.0421,144.032,4,0.414
The One That Got Away,Jake Owen,country,0.0343,0.576,194173,0.865,5.32e-05,0,0.252,-3.288,1,0.0407,119.913,4,0.535
Sure Be Cool If You Did,Blake Shelton,country,0.255,0.576,215720,0.726,0.0,11,0.108,-4.625,1,0.035,136.802,4,0.582
Mine Would Be You,Blake Shelton,country,0.146,0.572,239507,0.529,0.0,0,0.335,-6.897,1,0.0282,139.876,4,0.321
My Eyes (feat. Gwen Sebastian),Blake Shelton,country,0.475,0.453,190213,0.587,0.0,4,0.109,-7.584,1,0.0406,145.334,4,0.625
Who I Am With You,Chris Young,country,0.0983,0.466,191573,0.702,1.29e-05,0,0.242,-4.308,1,0.032,150.309,4,0.47
Doin' What She Likes,Blake Shelton,country,0.157,0.581,222613,0.767,0.0,10,0.278,-6.28,1,0.0406,152.011,4,0.832
Honky Tonk Badonkadonk,Trace Adkins,country,0.338,0.643,241133,0.919,0.0,2,0.0555,-3.487,1,0.0551,114.982,4,0.823
Someone Else Calling You Baby,Luke Bryan,country,0.052,0.498,229253,0.916,1.31e-06,8,0.0734,-3.728,1,0.0662,115.045,4,0.352
Stay,Florida Georgia Line,country,0.0744,0.494,199320,0.936,0.0,1,0.148,-2.989,1,0.0418,141.939,4,0.582
Do I,Luke Bryan,country,0.257,0.581,239413,0.691,0.0,9,0.11,-5.33,1,0.0333,137.985,4,0.299
International Harvester,Craig Morgan,country,0.103,0.699,228653,0.837,0.0,2,0.231,-5.173,1,0.0428,95.493,4,0.348
Drop 'Em Out,Wheeler Walker Jr.,country,0.179,0.691,94293,0.588,0.0,0,0.0832,-7.96,1,0.101,95.648,4,0.972
My Truck,BRELAND,country,0.23,0.883,158329,0.299,7.62e-06,2,0.162,-8.382,1,0.105,136.982,4,0.55
My Truck (feat. Sam Hunt) - Remix,BRELAND,country,0.049,0.753,159889,0.503,0.0,2,0.15,-6.213,1,0.0406,136.892,4,0.648
ONE BEER (feat. Lauren Alaina & Devin Dawson),HARDY,country,0.564,0.516,173173,0.745,0.0,2,0.275,-8.352,1,0.0774,186.006,3,0.826
Hard To Forget,Sam Hunt,country,0.23,0.689,204760,0.689,0.0,4,0.57,-5.517,1,0.045,130.069,4,0.664
One Of Them Girls,Lee Brice,country,0.29,0.643,188893,0.79,0.0,4,0.107,-6.079,1,0.0461,95.981,4,0.808
Kinfolks,Sam Hunt,country,0.0876,0.569,181933,0.807,0.0,0,0.164,-4.584,1,0.0464,76.011,4,0.883
Cool Again,Kane Brown,country,0.0156,0.608,164668,0.735,1.69e-06,4,0.361,-5.497,1,0.0371,90.007,4,0.773
Cool Again (feat. Nelly),Kane Brown,country,0.0146,0.631,175333,0.761,0.0,4,0.371,-5.654,1,0.0444,89.969,4,0.73
Good Times Roll,Jimmie Allen,country,0.00935,0.634,158240,0.748,0.0,0,0.172,-3.916,1,0.0275,95.991,4,0.704
Be Like That (feat. Swae Lee & Khalid) [MOTi Remix],Kane Brown,country,0.0226,0.476,195680,0.744,0.0,2,0.166,-6.414,1,0.0758,199.223,4,0.576
Every Little Thing - Ruffian Remix,Russell Dickerson,country,0.00935,0.695,187851,0.594,2.34e-05,6,0.0528,-8.536,1,0.0599,95.985,4,0.49
Lil Bit - FGL Remix,Nelly,country,0.0337,0.668,197185,0.655,0.0,4,0.0461,-5.575,0,0.0361,120.035,4,0.801
My Way (feat Tyler Hubbard),Lathan Warlick,country,0.0944,0.693,144067,0.71,0.0,7,0.151,-4.555,1,0.131,175.97,4,0.406
Toes,Zac Brown Band,country,0.657,0.801,262773,0.759,0.0,11,0.0897,-5.398,1,0.0378,129.971,4,0.821
Honky Tonk Badonkadonk,Trace Adkins,country,0.399,0.536,240093,0.943,2.27e-05,11,0.225,-5.317,0,0.108,123.759,4,0.622
Why Don't We Just Dance,Josh Turner,country,0.42,0.677,192800,0.776,0.000689,5,0.0954,-5.933,1,0.0386,121.834,4,0.642
Hard To Forget - Radio Edit,Sam Hunt,country,0.191,0.694,189507,0.715,0.0,4,0.73,-5.39,1,0.0461,130.085,4,0.757
On Me (feat. Ava Max) - From 'SCOOB!' The Album,Thomas Rhett,country,0.0119,0.548,164683,0.721,0.0,8,0.216,-4.466,1,0.0472,177.918,4,0.594
Lonely If You Are,Chase Rice,country,0.162,0.681,176729,0.726,0.0,7,0.119,-5.1,1,0.0453,84.979,4,0.819
Catch,Brett Young,country,0.0248,0.566,196440,0.765,0.0,2,0.0783,-6.337,1,0.0439,156.036,4,0.604
Ridin’ Roads,Dustin Lynch,country,0.0986,0.547,205427,0.817,0.0,9,0.136,-4.255,1,0.0448,142.118,4,0.592
Make Me Want To,Jimmie Allen,country,0.0793,0.519,172280,0.872,0.0,2,0.111,-3.212,1,0.0616,179.965,4,0.74
In Between,Scotty McCreery,country,0.0166,0.592,221600,0.928,1.5e-05,11,0.123,-5.402,1,0.0558,121.996,4,0.393
This Is It,Scotty McCreery,country,0.254,0.579,230973,0.511,0.0,8,0.099,-6.788,1,0.0293,78.003,4,0.594
Best Shot,Jimmie Allen,country,0.75,0.629,195053,0.464,0.0,4,0.0853,-8.72,1,0.0334,156.051,4,0.523
Mercy,Brett Young,country,0.84,0.638,217120,0.367,0.0,4,0.0999,-7.906,1,0.0266,71.957,4,0.219
Like I Loved You,Brett Young,country,0.196,0.582,207187,0.568,0.0,1,0.0841,-6.051,1,0.0297,76.025,4,0.64
One Number Away,Luke Combs,country,0.00585,0.544,221800,0.781,0.0,6,0.191,-6.16,0,0.0311,144.075,4,0.527
She Got the Best of Me,Luke Combs,country,0.0292,0.533,183160,0.907,0.0,11,0.386,-3.793,1,0.0406,150.99,4,0.7
Whiskey Glasses,Morgan Wallen,country,0.369,0.614,234347,0.68,1.84e-06,6,0.115,-4.58,1,0.0289,149.959,4,0.707
When It Rains It Pours,Luke Combs,country,0.013,0.551,240760,0.801,6.03e-06,6,0.265,-5.069,1,0.0303,128.027,4,0.625
"Houston, We Got a Problem",Luke Combs,country,0.0961,0.521,191987,0.762,6.15e-06,9,0.395,-5.059,1,0.0362,143.866,4,0.486
Memories Are Made Of,Luke Combs,country,0.0159,0.694,216667,0.718,1.72e-06,2,0.287,-6.188,1,0.0322,121.074,4,0.368
Be Careful What You Wish For,Luke Combs,country,0.0106,0.501,175493,0.876,0.0,3,0.135,-4.792,1,0.0404,159.025,4,0.681
Hurricane,Luke Combs,country,0.0153,0.464,222533,0.813,0.0,10,0.254,-6.185,1,0.0416,75.977,4,0.515
What Ifs (feat. Lauren Alaina),Kane Brown,country,0.00898,0.612,188253,0.799,0.0,10,0.172,-4.603,1,0.0275,125.976,4,0.687
May We All,Florida Georgia Line,country,0.0409,0.514,226173,0.918,0.0,7,0.342,-4.306,1,0.0365,150.033,4,0.64
Small Town Boy,Dustin Lynch,country,0.0251,0.554,205733,0.743,0.0,9,0.359,-6.016,1,0.0287,72.997,4,0.673
Beer Never Broke My Heart,Luke Combs,country,0.0139,0.538,186733,0.863,0.0,1,0.0874,-4.483,1,0.0481,77.001,4,0.637
Knockin' Boots,Luke Bryan,country,0.127,0.728,200067,0.682,0.0,2,0.337,-3.749,1,0.218,131.901,4,0.643
"1, 2 Many",Luke Combs,country,0.0397,0.54,180907,0.821,0.0,6,0.423,-3.789,1,0.0873,148.798,4,0.685
Down To The Honkytonk,Jake Owen,country,0.192,0.634,186867,0.808,0.0,3,0.0898,-4.12,1,0.0517,82.016,4,0.937
Brand New Man - with Luke Combs,Brooks & Dunn,country,0.00372,0.573,191053,0.846,7.87e-05,7,0.29,-4.866,1,0.0344,127.061,4,0.562
My Next Broken Heart - with Jon Pardi,Brooks & Dunn,country,0.00217,0.504,186707,0.915,4.16e-05,7,0.0925,-3.354,1,0.0408,141.996,4,0.889
My Maria - with Thomas Rhett,Brooks & Dunn,country,0.00581,0.624,209947,0.807,0.000267,3,0.0851,-6.319,1,0.0361,125.019,4,0.649
Boot Scootin' Boogie - with Midland,Brooks & Dunn,country,0.0579,0.609,203933,0.846,0.000753,3,0.188,-4.437,1,0.0562,130.479,4,0.643
Look What God Gave Her,Thomas Rhett,country,0.0272,0.739,168960,0.85,0.0,2,0.181,-3.966,1,0.0308,113.0,4,0.883
Lovin' On You,Luke Combs,country,0.00165,0.572,194867,0.949,0.000195,4,0.163,-4.865,1,0.06,118.974,4,0.53
Does To Me (feat. Eric Church),Luke Combs,country,0.311,0.616,223320,0.849,0.0,0,0.311,-4.897,1,0.0373,113.065,4,0.638
Homemade,Jake Owen,country,0.396,0.51,192653,0.838,0.0,6,0.195,-2.702,1,0.0469,145.922,4,0.574
Even Though I'm Leaving,Luke Combs,country,0.225,0.554,225253,0.755,0.0,2,0.301,-6.04,1,0.0319,77.962,4,0.624
I Wish Grandpas Never Died,Riley Green,country,0.036,0.445,250413,0.492,0.0,6,0.122,-5.717,1,0.0294,148.013,4,0.24
The Ones That Didn’t Make It Back Home,Justin Moore,country,0.0979,0.537,191018,0.784,0.0,3,0.224,-4.869,1,0.034,137.995,4,0.468
What Happens In A Small Town,Brantley Gilbert,country,0.000934,0.498,203560,0.788,0.0,11,0.13,-5.361,1,0.0402,138.171,4,0.457
Rearview Town,Jason Aldean,country,0.023,0.526,184173,0.85,0.0,10,0.0948,-4.47,0,0.0313,141.973,4,0.338
Girl Like You,Jason Aldean,country,0.035,0.543,193067,0.88,0.000227,3,0.304,-4.204,0,0.0365,144.057,4,0.483
Drowns The Whiskey (feat. Miranda Lambert),Jason Aldean,country,0.294,0.552,202067,0.698,0.000103,8,0.0905,-4.817,1,0.0306,90.006,4,0.6
Lose It,Kane Brown,country,0.00244,0.545,178987,0.854,1.2e-06,4,0.249,-4.968,0,0.0289,91.967,4,0.436
Take Back Home Girl (feat. Tori Kelly),Chris Lane,country,0.39,0.493,212107,0.796,0.0,11,0.0957,-3.971,1,0.0691,159.988,4,0.644
Mama Don't Get Dressed Up For Nothing - with LANCO,Brooks & Dunn,country,0.0125,0.601,252160,0.909,5.21e-05,2,0.0818,-4.051,1,0.0438,125.029,4,0.805
Lost and Found - with Tyler Booth,Brooks & Dunn,country,0.01,0.625,235053,0.842,0.0,4,0.286,-5.171,1,0.0321,117.998,4,0.678
Hard Workin' Man - with Brothers Osborne,Brooks & Dunn,country,0.00956,0.481,238187,0.906,0.00526,0,0.166,-4.18,1,0.0546,144.081,4,0.437
Raised on Country,Chris Young,country,0.384,0.579,177347,0.814,0.0,2,0.194,-3.276,1,0.0451,148.081,4,0.755
Up Down,Florida Georgia Line,country,0.0788,0.588,198120,0.885,0.0,6,0.175,-3.046,1,0.0345,129.925,4,0.787
Song for Another Time,Old Dominion,country,0.125,0.498,191827,0.804,0.0,11,0.167,-3.995,1,0.0332,166.054,4,0.697
"God, Your Mama, And Me",Florida Georgia Line,country,0.318,0.443,183413,0.817,0.0,7,0.374,-3.729,1,0.0511,168.1,4,0.652
In Case You Didn't Know,Brett Young,country,0.386,0.607,224853,0.536,0.0,10,0.102,-7.306,1,0.0305,147.986,4,0.434
Still,Scotty McCreery,country,0.156,0.671,242787,0.706,0.000437,0,0.141,-7.394,1,0.0302,138.026,4,0.649
Different 'Round Here,Riley Green,country,0.00416,0.502,183333,0.677,7.21e-06,1,0.0796,-6.466,1,0.0293,142.039,4,0.403
We Back,Jason Aldean,country,0.0135,0.433,197160,0.928,2.01e-06,4,0.32,-5.117,0,0.0512,155.938,4,0.552
Why We Drink,Justin Moore,country,0.00824,0.624,211430,0.903,0.0,6,0.309,-3.046,1,0.0347,116.99,4,0.724
I Love My Country,Florida Georgia Line,country,0.0283,0.525,185467,0.94,0.0,4,0.236,-3.546,1,0.065,140.093,4,0.636
One Margarita,Luke Bryan,country,0.0969,0.641,193427,0.842,0.0,9,0.169,-4.872,1,0.0464,89.997,4,0.738
hole in the bottle,Kelsea Ballerini,country,0.0486,0.478,155668,0.873,0.0,4,0.374,-3.637,1,0.122,104.365,4,0.739
hole in the bottle (with Shania Twain),Kelsea Ballerini,country,0.106,0.565,156276,0.837,0.0,4,0.37,-4.607,1,0.119,105.067,4,0.775
"Wine, Beer, Whiskey",Little Big Town,country,0.617,0.727,196160,0.914,0.0,7,0.596,-5.85,1,0.0743,106.021,4,0.784
Ain't Nothing 'Bout You - with Brett Young,Brooks & Dunn,country,0.0957,0.676,241093,0.753,0.0,8,0.362,-6.239,0,0.0252,96.993,4,0.772
Red Dirt Road - with Cody Johnson,Brooks & Dunn,country,0.629,0.595,236973,0.44,4.71e-06,4,0.0914,-7.795,1,0.0309,128.334,4,0.336
Seasons Change,Scotty McCreery,country,0.0672,0.53,226413,0.901,0.000287,7,0.682,-5.789,1,0.0503,170.008,4,0.923
It's A Great Day To Be Alive,Travis Tritt,country,0.246,0.595,241533,0.653,0.0,7,0.264,-4.935,1,0.0265,128.93,4,0.542
Life's a Dance,John Michael Montgomery,country,0.403,0.64,188840,0.533,0.0,5,0.176,-9.846,1,0.0264,135.224,4,0.652
She Don't Know She's Beautiful,Sammy Kershaw,country,0.367,0.764,174627,0.646,0.0,9,0.0849,-9.424,1,0.0302,116.141,4,0.877
I'm Gonna Be Somebody,Travis Tritt,country,0.173,0.563,244933,0.668,7.15e-06,7,0.12,-6.666,1,0.0267,76.406,4,0.543
Here's a Quarter (Call Someone Who Cares),Travis Tritt,country,0.304,0.648,152333,0.572,0.0,7,0.131,-7.494,1,0.026,112.423,3,0.598
Some Girls Do,Sawyer Brown,country,0.0907,0.64,194320,0.852,0.0,2,0.151,-6.406,1,0.028,139.949,4,0.903
Wink,Neal McCoy,country,0.0761,0.708,162467,0.852,0.0,4,0.172,-6.177,1,0.0302,117.644,4,0.93
Be My Baby Tonight,John Michael Montgomery,country,0.215,0.632,172200,0.773,2.7e-05,9,0.365,-7.956,1,0.0381,156.88,4,0.901
Prop Me Up Beside the Jukebox (If I Die),Joe Diffie,country,0.288,0.634,226267,0.76,0.0,9,0.18,-4.784,1,0.0295,140.539,4,0.603
Like The Rain,Clint Black,country,0.238,0.515,261533,0.532,0.0,9,0.306,-8.276,1,0.0322,79.785,4,0.278
When the Sun Goes Down,Kenny Chesney,country,0.0432,0.798,290560,0.741,3e-06,9,0.252,-6.802,1,0.0284,104.945,4,0.708
I Go Back,Kenny Chesney,country,0.0409,0.532,243667,0.842,0.0,5,0.217,-5.754,1,0.0503,90.187,4,0.67
Beer In Mexico,Kenny Chesney,country,0.00119,0.58,271813,0.906,0.000579,2,0.0933,-6.976,1,0.0405,137.97,4,0.476
Alright,Darius Rucker,country,0.0527,0.601,231920,0.806,0.0,7,0.185,-4.579,1,0.0345,89.87,4,0.711
Come Back Song,Darius Rucker,country,0.138,0.516,235147,0.745,0.0,9,0.114,-5.674,1,0.0381,177.781,4,0.77
Keep Me in Mind,Zac Brown Band,country,0.159,0.684,214107,0.715,0.0,6,0.181,-6.132,1,0.0336,96.018,4,0.564
Whatever It Is,Zac Brown Band,country,0.443,0.686,208213,0.576,1.66e-05,1,0.212,-6.633,1,0.0284,83.969,4,0.72
Colder Weather,Zac Brown Band,country,0.455,0.667,273893,0.381,0.0,3,0.116,-7.494,1,0.0294,135.975,4,0.199
No Hurry,Zac Brown Band,country,0.375,0.565,226227,0.531,0.0,3,0.312,-5.809,1,0.0287,146.027,4,0.407
Don't Think I Don't Think About It,Darius Rucker,country,0.0275,0.578,183307,0.752,0.0,9,0.125,-5.264,1,0.033,149.689,4,0.405
These Days,Rascal Flatts,country,0.31,0.587,254493,0.778,0.0,7,0.318,-4.233,1,0.0343,81.943,4,0.319
Beautiful Mess,Diamond Rio,country,0.529,0.475,228000,0.663,0.0,1,0.0928,-7.415,1,0.0359,177.44,4,0.475
Watching Airplanes,Gary Allan,country,0.547,0.374,242947,0.711,4.12e-05,11,0.147,-3.587,1,0.0354,160.001,4,0.468
Every Storm (Runs Out Of Rain),Gary Allan,country,0.046,0.525,225640,0.693,9.55e-06,0,0.247,-6.972,1,0.0327,107.012,4,0.363
Hard To Love,Lee Brice,country,0.0119,0.638,224293,0.722,0.00808,9,0.189,-6.177,1,0.0332,103.017,4,0.469
Crazy Girl,Eli Young Band,country,0.000415,0.366,200707,0.651,0.00526,4,0.271,-3.842,1,0.031,151.343,3,0.257
Are You Gonna Kiss Me Or Not,Thompson Square,country,0.039,0.485,184920,0.701,0.0,8,0.0977,-3.807,1,0.0288,151.948,4,0.613
Angel Eyes,Love and Theft,country,0.0134,0.656,186627,0.696,0.0,8,0.0753,-5.917,1,0.0261,108.015,4,0.966
Honey Bee,Blake Shelton,country,0.00167,0.481,210720,0.849,1.49e-06,4,0.121,-5.131,1,0.0385,205.57,4,0.723
Cowboys and Angels,Dustin Lynch,country,0.245,0.355,227720,0.55,3.2e-05,10,0.0979,-5.772,1,0.0285,73.842,4,0.26
"Lover, Lover",Jerrod Niemann,country,0.186,0.879,193733,0.567,0.0,7,0.622,-6.509,1,0.0588,112.473,4,0.948
Gimmie That Girl,Joe Nichols,country,0.205,0.5,185453,0.9,0.000251,2,0.694,-3.577,1,0.117,162.249,4,0.675
All Over The Road,Easton Corbin,country,0.0471,0.491,163067,0.841,0.0,5,0.0886,-3.579,1,0.0421,199.851,4,0.721
Lovin' You Is Fun,Easton Corbin,country,0.32,0.703,199013,0.83,0.0,8,0.364,-3.028,1,0.0327,109.958,4,0.597
A Little More Country Than That,Easton Corbin,country,0.0795,0.64,172227,0.6,1.5e-06,11,0.106,-8.534,1,0.0318,84.969,4,0.593
