Cancion,Artista,categoria,acousticness,danceability,duration_ms,energy,instrumentalness,key,liveness,loudness,mode,speechiness,tempo,time_signature,valence
Bate Forte e Dança,0to8,Funk_br,0.194,0.817,110793,0.865,0.363,7,0.226,-3.784,1,0.251,129.989,4,0.393
MONTAGEM RELAXA MENTE,DJ KLP OFC,Funk_br,0.919,0.632,180456,0.407,0.213,4,0.372,-15.198,0,0.0854,130.058,4,0.136
Brazilian Phonk Mano,Slowboy,Funk_br,0.00464,0.876,84577,0.884,0.54,1,0.106,-2.968,0,0.087,130.021,4,0.83
Cypher de Ladrão,MC Lucks,Funk_br,0.355,0.611,214159,0.569,0.00899,7,0.13,-4.428,0,0.103,79.529,4,0.501
DEUS DA GUERRA,$pidxrs?808,Funk_br,0.0128,0.646,106763,0.861,0.104,10,0.0767,-5.721,0,0.0314,135.993,4,0.373
MONTAGEM - MELODIA ENVOLVENTE 4,DJ Dudah,Funk_br,0.0611,0.693,250861,0.719,0.125,11,0.143,-8.782,0,0.0462,130.04,4,0.763
Bate Forte e Dança - sped up,0to8,Funk_br,0.213,0.779,104406,0.869,0.81,8,0.318,-3.796,1,0.284,137.888,4,0.547
HOJE EU VOU COMER NOVINHA 02,DJ AG O GRINGO,Funk_br,0.707,0.913,107128,0.39,3.32e-05,9,0.11,-4.538,1,0.12,130.05,4,0.175
Bate Forte e Dança - slowed and reverb,0to8,Funk_br,0.154,0.83,133464,0.723,0.188,11,0.232,-6.75,1,0.274,107.933,4,0.0862
MTG LEVANTA A MÃO PRO ALTO,DJ AG O GRINGO,Funk_br,0.806,0.592,119567,0.52,0.000432,0,0.109,-8.309,1,0.471,80.03,3,0.331
Rebeca Rebeca,HONDO,Funk_br,0.692,0.865,105601,0.225,0.825,1,0.0985,-16.563,1,0.415,125.051,4,0.401
Brutal Infernal Funk (Slowed),DJ Oliver Mendes,Funk_br,0.713,0.754,198184,0.567,0.261,0,0.385,-14.412,1,0.0536,97.523,4,0.471
MTG - INSURDECEDORA 3.0,DJ LZIN,Funk_br,0.309,0.701,122089,0.479,0.0708,10,0.0958,-8.834,1,0.0937,129.994,4,0.408
Brazilian Phonk Mano - Super Slowed,Slowboy,Funk_br,0.0357,0.893,106562,0.695,0.134,11,0.124,-3.382,1,0.0455,103.162,4,0.109
Montagem - Conga Conga (Slowed + Reverb),DJ RAMON SP,Funk_br,0.465,0.845,178573,0.813,0.00548,2,0.137,-5.178,1,0.162,113.471,4,0.403
MONTAGEM CHAPADÃO DE CRACK - BEAT MATA NOIA,DJPH01,Funk_br,0.0198,0.496,153417,0.755,0.0,5,0.302,-5.263,0,0.116,130.15,4,0.446
Beat Alucinante,Dj lu4n,Funk_br,0.747,0.872,105166,0.42,0.0642,8,0.843,-10.044,1,0.164,130.126,4,0.868
Beat Trava Pulmão,Mc Menor Do Alvorada,Funk_br,0.829,0.76,248337,0.842,0.00108,10,0.0995,-6.553,1,0.381,130.042,4,0.464
BEAT MALVADO,DJ OBL,Funk_br,0.705,0.7,169021,0.504,0.843,8,0.142,-8.472,1,0.208,130.011,4,0.855
Beat Malvado 1.0,DJ OBL,Funk_br,0.801,0.724,200156,0.397,0.788,9,0.145,-9.428,0,0.115,103.977,4,0.546
LIE DOWN!,NUEKI,Funk_br,0.201,0.774,60000,0.915,0.706,7,0.334,-1.462,1,0.0682,127.96,4,0.297
FOK IT,NUEKI,Funk_br,0.00221,0.674,99745,0.964,0.165,2,0.362,-2.723,1,0.144,114.135,4,0.511
Toxic - Slowed and Reverb Edit,YOUNGX777,Funk_br,0.0515,0.421,106185,0.92,0.874,10,0.0825,-7.67,0,0.117,115.01,3,0.232
sigma,Dyan Dxddy,Funk_br,0.613,0.917,73732,0.623,0.966,1,0.32,-14.249,1,0.124,103.814,4,0.846
PSYCHO CRUISE - Slowed + Reverb,ONIMXRU,Funk_br,0.00123,0.576,165995,0.818,0.924,1,0.102,-10.587,1,0.0669,218.655,4,0.715
MTG DESGORVERNANTE (slowed + reverb),eii4nny,Funk_br,0.517,0.595,83931,0.943,0.882,7,0.927,-3.597,0,0.217,103.411,4,0.307
Brutal Infernal Funk,DJ Oliver Mendes,Funk_br,0.815,0.503,157067,0.655,0.307,5,0.138,-9.293,1,0.484,86.768,3,0.52
Rage time funk - Slowed,L1OR,Funk_br,0.161,0.691,110194,0.192,0.836,10,0.123,-13.081,0,0.0646,193.877,4,0.282
I Came to Rome When It Was a City of Stone,WickedDior,Funk_br,0.743,0.726,258972,0.41,0.00568,1,0.149,-13.097,1,0.275,93.28,5,0.273
Devils Work - Sped Up,Scammacist,Funk_br,0.366,0.686,103264,0.907,0.394,0,0.24,-5.203,0,0.172,89.885,4,0.599
Kerosene - Slowed,fam0uz,Funk_br,0.0713,0.789,142105,0.659,0.557,11,0.535,-8.095,1,0.29,76.012,4,0.849
PSYCHO CRUISE - Sped Up,ONIMXRU,Funk_br,0.000529,0.719,136052,0.813,0.825,0,0.0665,-10.49,1,0.05,133.39,4,0.819
Menace (Slowed + Reverb),visioner.,Funk_br,0.00819,0.525,185739,0.925,0.662,9,0.234,-7.0,0,0.0337,114.988,1,0.0441
I Came I Saw I Conquered,FLXMINGO,Funk_br,0.492,0.715,284096,0.299,0.75,1,0.175,-13.368,1,0.133,84.948,5,0.152
Kerosene (Phonk Version),crvvdy,Funk_br,0.0215,0.511,206784,0.55,0.0,0,0.111,-5.892,1,0.0876,197.352,4,0.505
Montagem - Conga Conga (Super Slowed),DJ RAMON SP,Funk_br,0.689,0.637,243101,0.73,0.156,2,0.132,-7.653,1,0.109,81.049,4,0.368
Automotivo dos Menor Mídia,DJ MENOR DA ZO,Funk_br,0.227,0.793,136620,0.947,6.58e-05,5,0.197,-2.266,1,0.141,135.025,4,0.512
WOPI,EliasGS,Funk_br,0.511,0.414,237611,0.64,0.498,10,0.636,-8.815,1,0.0826,112.808,5,0.177
Friendship,Mariah Hustus,Funk_br,0.356,0.692,138948,0.817,0.925,11,0.208,-12.945,1,0.0594,75.579,4,0.536
AUTOMOTIVO DA SEQUÊNCIA INTER-CELESTIAL 1,DJ TWOZ,Funk_br,0.504,0.842,161924,0.787,0.000232,1,0.0941,-5.288,1,0.258,130.029,4,0.256
AUTOMOTIVO DA SEQUÊNCIA INTER-CELESTIAL 2,DJ TWOZ,Funk_br,0.606,0.685,228937,0.387,0.000113,1,0.109,-15.279,1,0.224,130.059,4,0.286
Own Paradise,LXAES,Funk_br,0.000688,0.815,128026,0.857,0.666,7,0.32,-8.218,1,0.0612,119.983,4,0.79
Beat das Trevas,DJ MENOR DA ZN,Funk_br,0.352,0.6,132795,0.599,0.156,5,0.266,-11.985,0,0.0516,102.339,4,0.418
Montagem Faz Macete 3.0,Dj Vitinho Beat,Funk_br,0.372,0.704,166154,0.745,2.94e-06,3,0.105,-3.245,1,0.311,129.99,4,0.334
RITMADINHA DANÇANTE - Slowed,DJ GUDOG,Funk_br,0.925,0.852,158161,0.537,0.388,1,0.102,-7.731,1,0.437,154.779,3,0.495
Beat das Trevas,DJ MENOR DA ZN,Funk_br,0.461,0.714,104077,0.707,0.0323,7,0.237,-7.772,0,0.047,129.868,4,0.67
Botada Eternal Phonk,DJ TREVAS,Funk_br,0.909,0.404,67596,0.392,0.0245,10,0.0867,-15.124,1,0.143,207.066,4,0.978
Sirene das Trevas,Mc Leticia,Funk_br,0.505,0.803,195709,0.937,0.00973,6,0.152,-2.998,0,0.235,130.071,4,0.474
Rage time funk - Sped up,L1OR,Funk_br,0.732,0.469,66117,0.527,0.926,7,0.0786,-11.201,1,0.0755,105.111,3,0.496
coqueta,slxughter,Funk_br,0.242,0.733,154490,0.854,0.00017,4,0.0867,-3.404,1,0.0561,108.989,4,0.361
GTA IV - Slowed,Essentials.,Funk_br,0.407,0.55,102423,0.951,0.106,1,0.226,-4.063,1,0.184,116.84,4,0.574
Phonk Para Guerreiro,TOKYOSLEEP,Funk_br,0.71,0.917,102222,0.663,0.851,8,0.292,-6.619,1,0.0954,108.01,4,0.5
RITMADINHA DANÇANTE - Sped Up,DJ GUDOG,Funk_br,0.644,0.881,111842,0.715,0.81,7,0.107,-5.279,1,0.108,109.476,3,0.682
MTG - REBOLA NO MEU C4RALHO,DJ LA BEAT,Funk_br,0.301,0.95,207692,0.914,0.0119,2,0.109,-3.873,0,0.255,130.086,4,0.124
MTG - REBOLA NO MEU C4RALHO - Slowed,DJ LA BEAT,Funk_br,0.372,0.877,272563,0.872,8.12e-05,9,0.107,-4.694,0,0.121,99.207,4,0.0476
GTA IV (Slowed),Raul Apxpei,Funk_br,0.399,0.555,102400,0.954,0.164,1,0.243,-3.515,1,0.171,116.798,4,0.581
Vem Me Dando (Slowed + Reverb),MC Zudo Boladão,Funk_br,0.107,0.83,219173,0.796,0.573,11,0.246,-10.012,1,0.0523,98.6,4,0.58
Automotivo Portal Ultradimensional,DJ DUDAH,Funk_br,0.00126,0.701,195149,0.807,0.00139,7,0.0759,-7.694,1,0.103,129.99,4,0.608
MACHUCA MACHUCA,vloneham,Funk_br,0.881,0.305,140548,0.409,0.00245,3,0.243,-17.595,1,0.139,172.197,1,0.209
BFD,YOOPLAYA,Funk_br,0.203,0.796,156928,0.588,0.321,9,0.112,-4.802,1,0.0462,94.854,4,0.041
Project Wayne,Bruce,Funk_br,0.0218,0.526,63339,0.703,0.0027,8,0.272,-7.868,1,0.189,79.942,5,0.0456
DAS TREVAS,YOOPLAYA,Funk_br,0.647,0.559,158774,0.381,0.832,1,0.122,-13.809,1,0.0388,84.241,4,0.106
Rebecca Rebecca - Slowed & Reverb,Cupid Ruszo,Funk_br,0.561,0.547,132001,0.175,0.0337,5,0.102,-24.341,0,0.0309,100.061,4,0.298
Funk of the Damned - Super Slowed + Reverb,SXID,Funk_br,0.32,0.668,128000,0.747,0.00764,5,0.511,-3.293,1,0.196,179.99,4,0.197
D1tty speed,Leoohyz,Funk_br,0.227,0.843,104413,0.517,0.501,1,0.363,-11.288,1,0.366,174.108,4,0.653
Wizards in the Underworld Funk - Slowed,DJ Oliver Mendes,Funk_br,0.714,0.576,160154,0.399,0.221,9,0.166,-14.609,1,0.119,194.841,4,0.442
TOMA BALA TOMA BALA SLOWED,vloneham,Funk_br,0.00488,0.361,357087,0.552,0.0268,2,0.153,-9.42,1,0.103,194.679,4,0.247
Beat Trava Pulmao (slowed),Danieltx,Funk_br,0.828,0.671,109345,0.927,1.28e-05,5,0.616,-11.958,0,0.4,117.063,4,0.358
A Partir de Agora Esse Baile Fica Pequeno,DJ DUDAH,Funk_br,0.0162,0.723,254981,0.77,0.000427,1,0.283,-6.507,1,0.0712,130.028,4,0.797
Montagem Beat Malvado 1.0 Funk Edit,DJ G3,Funk_br,0.72,0.423,281890,0.355,0.918,4,0.0999,-11.699,0,0.17,85.697,4,0.274
AUTOMOTIVO MALVADÃO ENVOLVENTE,DJ Dudah,Funk_br,0.00278,0.832,210851,0.531,0.0012,6,0.0863,-11.948,1,0.0434,130.117,4,0.931
Never Let Go (Of Me) - Slowed,Baltra,Funk_br,0.515,0.535,94028,0.605,0.898,1,0.135,-9.547,1,0.0607,195.403,4,0.426
Brutal Infernal Funk (Ultra Slowed),DJ Oliver Mendes,Funk_br,0.819,0.64,263542,0.396,0.784,7,0.617,-16.865,1,0.0607,145.969,4,0.322
BRAZILIAN FUNK,Antonio Vercetii,Funk_br,0.225,0.797,94157,0.797,0.429,7,0.273,-4.793,1,0.182,129.933,4,0.432
AUTOMOTIVO RITMADO,DJ 7W,Funk_br,0.658,0.753,131892,0.56,0.111,5,0.378,-5.818,1,0.0454,129.905,4,0.409
Phonk Up Brazil,$werve,Funk_br,0.00783,0.772,90462,0.916,0.67,7,0.213,-2.566,1,0.0664,130.05,4,0.292
Montagem - Conga Conga (Sped Up),DJ RAMON SP,Funk_br,0.199,0.952,146901,0.889,5.75e-06,10,0.109,-4.47,0,0.218,138.272,4,0.504
HOJE EU VOU COMER NOVINHA 06 (Slowed + Reverb),DJ AG O GRINGO,Funk_br,0.827,0.505,209558,0.619,0.00692,8,0.107,-5.152,1,0.313,183.067,4,0.314
HOJE EU VOU COMER NOVINHA 02 (Slowed + Reverb),DJ AG O GRINGO,Funk_br,0.802,0.404,135755,0.366,0.0128,5,0.121,-8.236,1,0.117,207.742,4,0.421
Melodia Envolvente 4 (Super Slowed + Reverb),DJ Dudah,Funk_br,0.0274,0.603,348552,0.579,0.384,1,0.199,-10.267,1,0.0488,139.237,3,0.308
Montagem - Conga Conga (Remix),DJ RAMON SP,Funk_br,0.211,0.979,153239,0.708,0.0,2,0.104,-3.916,0,0.225,130.034,4,0.433
Montagem - Beat Amaldiçoado 1.0,DJ G4 ORIGINAL,Funk_br,0.893,0.722,179539,0.502,0.0211,9,0.168,-10.64,1,0.071,130.115,4,0.268
MTG MALDIÇÃO ETERNA 1.0 - joka da,DJ GLK,Funk_br,0.845,0.298,166609,0.392,0.16,7,0.107,-14.494,1,0.22,172.586,4,0.154
MTG MALDIÇÃO ETERNA 1.0 (Speed Up),DJ GLK,Funk_br,0.406,0.474,112196,0.693,0.823,10,0.733,-6.888,0,0.245,78.121,4,0.171
Montagem Amedrontadora - Slowed,Scammacist,Funk_br,0.902,0.722,266426,0.743,0.0578,5,0.46,-9.141,1,0.389,182.168,4,0.164
MTG - INSURDECEDORA 3.0 (Slowed + Reverb),DJ LZIN,Funk_br,0.507,0.632,174974,0.29,0.156,9,0.0881,-12.554,1,0.0334,90.995,4,0.312
Montagem Melodia Envolvente 5,DJ DUDAH,Funk_br,0.0531,0.827,249654,0.603,0.00688,7,0.246,-10.108,1,0.0711,130.034,4,0.802
HOJE EU VOU COMER NOVINHA 06,DJ AG O GRINGO,Funk_br,0.796,0.894,147749,0.557,0.0,9,0.143,-3.554,1,0.128,130.016,4,0.41
LIE DOWN! - SLOWED + BASSBOOSTED,NUEKI,Funk_br,0.499,0.831,71352,0.736,0.085,10,0.149,-5.658,1,0.08,107.605,4,0.26
Brazilian Phonk Mano - Slowed,Slowboy,Funk_br,0.0131,0.905,94933,0.815,0.268,1,0.0842,-3.14,1,0.047,115.832,4,0.336
AUTOMOTIVO RITMADO,dorianbvs,Funk_br,0.0125,0.718,252053,0.912,0.00227,7,0.223,-4.752,1,0.0842,130.04,4,0.89
Montagem Amedrontadora,DJ Wizard,Funk_br,0.548,0.908,191605,0.936,0.000245,11,0.274,-6.111,1,0.303,130.12,4,0.257
Automotivo Ritmado (feat. Mc Pedrinho),DJ DUDAH,Funk_br,0.0184,0.743,269038,0.894,0.00189,7,0.119,-5.416,1,0.0548,130.022,4,0.92
MONTAGEM CHAPADÃO DE CRACK - BEAT MATA NOIA SLOWED,DJPH01,Funk_br,0.369,0.44,192340,0.651,0.0135,10,0.148,-7.254,0,0.0788,103.876,4,0.237
Mistério de Salém,DJ TENEBROSO ORIGINAL,Funk_br,0.0556,0.627,192000,0.594,0.386,7,0.263,-11.799,0,0.0952,132.033,4,0.346
Vai Dar,Miper Fouarz,Funk_br,0.903,0.565,141714,0.34,2.97e-05,11,0.28,-16.45,1,0.172,208.134,4,0.49
Comecar,DJ Ritmo55,Funk_br,0.229,0.915,77217,0.574,0.105,11,0.213,-5.741,1,0.074,114.992,4,0.566
RITMADINHA DANÇANTE,DJ GUDOG,Funk_br,0.788,0.795,125508,0.657,0.728,1,0.107,-4.75,1,0.411,194.992,3,0.661
Darkness,Sherixx,Funk_br,0.0816,0.723,143804,0.997,0.647,5,0.368,0.576,0,0.426,192.058,4,0.517
Beat Alucinante - Slowed Reverb,Dj lu4n,Funk_br,0.883,0.773,120320,0.547,0.433,1,0.273,-10.536,1,0.046,114.588,4,0.542
DEUS DA GUERRA - Sped Up,$pidxrs?808,Funk_br,0.0117,0.554,95116,0.905,0.228,9,0.0815,-5.479,1,0.0427,152.609,4,0.653
Vem Me Dando (Pepekando),MC Zudo Boladão,Funk_br,0.0345,0.911,162461,0.809,0.395,9,0.121,-9.409,1,0.0708,130.05,4,0.969
"KIKA NO, KIKA NO PIRUZIN VS PUTARIA ROLA, CONVOCA AS MENINAS DJ HACKZIN22",funkzada,Funk_br,0.0218,0.907,118141,0.685,0.000481,8,0.0821,-4.62,1,0.0601,130.145,4,0.639
Mega Sequência Toma Cacete Cacete Vs Fode Fode,DJ Yure 22,Funk_br,0.0202,0.79,288967,0.586,0.000404,1,0.126,-3.911,1,0.333,140.06,4,0.804
Toma Bala,MC PG,Funk_br,0.732,0.837,132000,0.636,0.000619,6,0.0822,-1.494,1,0.426,159.978,4,0.829
Sequência de Funk Light,fluxorj,Funk_br,0.0927,0.599,252053,0.836,0.000687,9,0.721,-1.063,1,0.378,135.742,4,0.712
Melodia da Alegria,Mc Vuk Vuk,Funk_br,0.371,0.899,110113,0.949,0.00274,8,0.0888,-2.09,1,0.0598,130.02,4,0.816
VAI DJ NPC SOCA COM VONTADE / MACHUCA MACHUCA,DJ NpcSize,Funk_br,0.317,0.821,182784,0.855,0.000115,1,0.106,-2.466,1,0.0611,130.145,4,0.569
L'Étoile D'afrique - #18 (slow Version),VDYCD,Funk_br,0.00627,0.696,131952,0.735,0.908,9,0.283,-7.996,1,0.0374,119.991,4,0.18
Instrumental e Slowed - Montagem Orquestra Sinfônica,DJ TENEBROSO ORIGINAL,Funk_br,0.117,0.831,225178,0.837,0.847,10,0.125,-3.863,1,0.0575,111.374,4,0.359
Rage time funk,L1OR,Funk_br,0.616,0.709,76286,0.387,0.922,2,0.0791,-11.522,1,0.0477,139.968,4,0.421
Automotivo Super Mario World 2,DJ NK3,Funk_br,0.0571,0.845,138507,0.754,1.31e-05,2,0.0385,-2.511,1,0.238,129.947,4,0.574
THE - AUTOMOTIVO,KFELIPEE,Funk_br,0.000612,0.798,147979,0.927,0.722,9,0.0234,-1.383,1,0.0713,132.935,4,0.964
Automotivo Sequência Intercelestial Slowed,DJ TWOZ,Funk_br,0.596,0.708,238631,0.586,0.000974,7,0.0938,-7.37,1,0.0916,91.018,4,0.299
Montagem Nostalgica Slowed + Reverb,DJ WAAN,Funk_br,0.82,0.426,256488,0.569,0.877,0,0.0867,-5.772,1,0.0536,96.95,5,0.295
FRESH,NXVAMANE,Funk_br,0.00722,0.954,68687,0.988,3.17e-05,9,0.242,0.351,1,0.241,130.225,4,0.919
coqueta - Sped Up,slxughter,Funk_br,0.072,0.733,139393,0.848,0.00103,10,0.0534,-3.092,0,0.0525,120.722,4,0.179
"Soca Soca Vai Piranha, Eu Te Empurrando a Piroca",DJ Roca,Funk_br,0.469,0.848,169851,0.552,1.78e-05,1,0.0836,-14.271,1,0.432,130.075,4,0.4
coqueta - slowed,slxughter,Funk_br,0.46,0.679,183721,0.812,0.000254,1,0.0731,-4.236,1,0.0772,91.672,4,0.429
Mtg Faz Macete 3.0 - Slowed + Reverb,Dj Vitinho Beat,Funk_br,0.378,0.673,165761,0.901,0.00921,0,0.14,-3.685,1,0.217,106.643,4,0.395
FRESH - SLOWED,NXVAMANE,Funk_br,0.0286,0.968,80712,0.97,4.63e-05,10,0.144,-0.213,0,0.215,110.727,4,0.951
HOJE EU VOU COMER NOVINHA 06 (Sped Up),DJ AG O GRINGO,Funk_br,0.734,0.734,124824,0.808,0.0,5,0.245,-5.434,1,0.238,153.888,4,0.499
MONTAGEM - RISADA ALUCINANTE,DJ Erik JP,Funk_br,0.364,0.917,151432,0.939,0.00406,0,0.0996,2.15,1,0.04,130.087,4,0.526
Ritmada da Dz7,DJ Menor 7,Funk_br,0.809,0.839,206309,0.773,3.49e-06,1,0.0557,-3.848,1,0.0703,130.006,4,0.193
Ritmada das Novinhas 2.0 - Slowed + Reverb,DJ 7W,Funk_br,0.447,0.422,273789,0.564,0.0,1,0.214,-11.423,1,0.382,208.464,4,0.439
RITMADA AGRESSIVA,S3BZS,Funk_br,0.0108,0.79,103428,0.871,0.271,0,0.108,-2.794,1,0.0791,130.067,4,0.236
Ritmada de Malandro,DJ Igor Ferraz,Funk_br,0.457,0.903,203823,0.431,7.12e-06,11,0.0693,-6.203,0,0.371,130.017,4,0.621
MTG PUNK ETERNO 1.0 - SLOWED+REVERB,DJ ALEX NTC,Funk_br,0.24,0.393,267469,0.977,0.616,0,0.744,1.882,1,0.126,182.154,4,0.177
MTG BEAT PHONK (AUTOMOTIVO) 2 [AGRESIVO],Sanyixz,Funk_br,0.228,0.748,173737,0.91,0.00509,6,0.0601,-1.923,1,0.0982,117.322,4,0.445
Automotivo do Fode Fode,DJ Vini ZS,Funk_br,0.115,0.882,188308,0.435,0.0,1,0.103,-8.524,0,0.231,129.943,4,0.74
Life in Rio,Slowboy,Funk_br,0.00393,0.726,94419,0.971,0.275,2,0.446,-2.126,1,0.0408,129.081,4,0.7
Life in Rio - Sped Up,Slowboy,Funk_br,0.00308,0.679,84115,0.981,0.164,4,0.305,-2.059,1,0.0544,144.846,4,0.622
Life in Rio - Super Slowed,Slowboy,Funk_br,0.0106,0.755,118962,0.935,0.341,10,0.379,-2.323,0,0.0299,102.449,4,0.264
One night in Rio,DJ Ritmo55,Funk_br,0.0716,0.856,84000,0.937,0.0623,5,0.0434,-1.211,1,0.18,130.026,4,0.818
Life in Rio - Phonk Brazilian Mano 2023,DJ PEKENA,Funk_br,0.756,0.82,131519,0.442,0.949,4,0.0753,-11.381,1,0.134,130.019,4,0.957
MONTAGEM - PR FUNK (Slowed & Reveerb),S3BZS,Funk_br,0.822,0.905,83577,0.692,0.298,1,0.0866,-4.095,1,0.0388,98.602,4,0.391
MONTAGEM - PR FUNK,S3BZS,Funk_br,0.701,0.626,61673,0.821,0.0827,9,0.0857,-3.174,1,0.0657,129.012,4,0.839
MONTAGEM - ASSOMBRA MATRIX 2,Mc Lucy,Funk_br,0.142,0.575,170005,0.844,0.0,11,0.269,-4.752,0,0.0424,130.213,4,0.613
Melodia Contagiante 2,DJ Tubarão ZS,Funk_br,0.0489,0.729,162524,0.784,0.13,1,0.113,-3.17,1,0.0696,130.0,4,0.492
AUTOMOTIVO DA ZONA OESTE,DJ GABIH DA ZO,Funk_br,0.388,0.597,221497,0.59,3.82e-06,8,0.477,-6.187,1,0.176,130.25,4,0.511
Sento no Bico da Glock,Dj Gabriel do Borel,Funk_br,0.384,0.684,192025,0.946,0.0,6,0.092,-0.964,0,0.495,102.407,3,0.54
Automotivo Blindado,DJ Rossini ZS,Funk_br,0.275,0.931,226153,0.854,0.00409,0,0.192,-3.986,1,0.145,135.123,4,0.243
Sequência da Dz7,TRASHXRL,Funk_br,0.466,0.734,119185,0.985,0.63,6,0.114,1.002,1,0.176,130.046,4,0.793
BRAZILIAN MANO,HOSPICEMANE,Funk_br,0.586,0.828,103606,0.721,0.819,9,0.22,-7.45,0,0.0868,129.889,4,0.452
Brazilian Raiva Funk,Eternxlkz,Funk_br,0.0667,0.645,124731,0.603,0.202,1,0.116,-4.493,1,0.239,129.919,4,0.0382
Funk da Dança - Slowed + Reverb,DJ Batidão,Funk_br,0.128,0.913,120000,0.767,0.552,1,0.265,-5.772,1,0.0635,100.008,4,0.383
BALADINHA SINISTRA,$werve,Funk_br,0.271,0.958,118647,0.921,0.0342,0,0.0852,-3.096,1,0.324,132.983,4,0.872
Matador De Dragão,ARXMANE,Funk_br,0.0283,0.686,92904,0.944,0.734,11,0.553,-0.28,1,0.11,149.752,4,0.604
Comecar - slowed,DJ Ritmo55,Funk_br,0.561,0.844,98667,0.685,0.648,1,0.202,-6.986,1,0.101,89.901,4,0.525
ultrakill de funk,slxughter,Funk_br,0.503,0.709,92000,0.803,0.051,7,0.122,-4.796,1,0.0612,126.926,4,0.106
AUTOMOTIVO AFTER DARK 2,DJ YUZAK,Funk_br,0.706,0.548,150174,0.909,0.0242,1,0.21,-1.956,1,0.0405,140.214,4,0.459
Funk of the Damned - Extreme Slowed + Reverb,SXID,Funk_br,0.452,0.72,144000,0.691,0.0502,0,0.558,-4.044,0,0.119,159.982,4,0.308
Funk of the Damned - Super Slowed + Reverb,SXID,Funk_br,0.324,0.671,128000,0.74,0.00838,5,0.465,-3.27,1,0.188,180.082,4,0.224
Funk of the Damned,SXID,Funk_br,0.352,0.744,88750,0.911,0.98,8,0.378,-2.113,0,0.0763,130.021,4,0.542
Curse of the Funk of the Underworld - Slowed,DJ Oliver Mendes,Funk_br,0.315,0.651,84000,0.573,0.396,6,0.219,-14.409,0,0.0644,97.268,4,0.479
O PALHAÇÃO VAI TE PEGAR (Slowed),明瞭さ,Funk_br,0.00957,0.923,226096,0.812,5.76e-06,1,0.108,-4.7,1,0.132,121.997,4,0.694
O Mega dos Automotivo - Passinho do Come Come,DJ Erik JP,Funk_br,0.284,0.96,151536,0.864,0.00269,1,0.0642,-0.26,1,0.0672,129.999,4,0.55
Tudo Que Vai Volta,MC KVN,Funk_br,0.123,0.841,156923,0.977,0.0,7,0.135,0.254,0,0.329,130.118,4,0.645
Berimbau Derruba Sacomã,DJ Blakes,Funk_br,0.599,0.385,147692,0.995,0.385,8,0.455,1.167,1,0.169,128.612,4,0.523
Montagem do Piano Ritmado (Slowed + Reverb),DJ HG MLK É BRABO,Funk_br,0.792,0.55,339986,0.606,0.222,8,0.0993,-11.606,1,0.049,93.894,4,0.0589
Sem Essa de Perder,MC Rogê,Funk_br,0.689,0.661,155664,0.965,0.00279,5,0.292,-1.604,0,0.0564,150.044,4,0.914
É Tuf Tuf Pof Pof Vapo Vapo o Dia Inteiro,Dj Olliver,Funk_br,0.232,0.96,173538,0.686,2.63e-05,5,0.0809,-1.698,0,0.148,129.994,4,0.685
SO LOW VERSÃO FUNK vs BEAT BOLHA INOVADOR x 140BPM,Deene Maximo,Funk_br,0.35,0.607,111199,0.497,0.0159,11,0.266,-6.387,0,0.401,65.692,4,0.539
Quer os Amigos Que Ta de Pt,DJ Brenin,Funk_br,0.0246,0.911,170000,0.934,3.04e-05,7,0.182,2.036,1,0.333,135.048,4,0.793
MONTAGEM DO PIANO RITMADO,DJ HG MLK É BRABO,Funk_br,0.575,0.765,240640,0.666,0.0129,0,0.136,-9.415,0,0.0902,130.024,4,0.23
Balançando a Umbrella,DJ Teixeira,Funk_br,0.474,0.718,151208,0.886,0.00902,1,0.256,0.496,0,0.0437,129.997,4,0.8
Brazil's Revenge,Wriftet EE,Funk_br,0.736,0.73,110317,0.987,0.836,1,0.574,-5.388,1,0.173,130.182,4,0.104
MTG - PISTA TOMA,RXDXVIL,Funk_br,0.0718,0.778,136063,0.989,0.0142,8,0.077,-2.221,1,0.2,127.003,4,0.392
LIE DOWN! 2,NUEKI,Funk_br,0.174,0.674,75591,0.965,0.182,8,0.236,-1.314,1,0.0488,127.036,4,0.157
Escurregou Abaixa E Pega,Mc Baiano,Funk_br,0.841,0.877,166185,0.493,0.000436,0,0.145,-8.383,1,0.0994,130.149,4,0.711
tutututu!,YOUK3IV,Funk_br,0.497,0.859,121174,0.751,0.557,10,0.0996,-3.231,1,0.0771,123.992,4,0.465
PONTE SALVAJE,IAMTRA$H,Funk_br,0.131,0.896,91385,0.813,0.0016,4,0.0692,-3.907,0,0.102,129.998,4,0.56
TU JOGA PRA TRAS TU ENCOSTA ENCOSTA vs NO PIQUE BBB - DJ DN O ASTRO Remix,DJ Dn o Astro,Funk_br,0.142,0.95,103541,0.59,0.0,7,0.108,-8.198,1,0.361,135.047,4,0.689
Trembo Trembo (Funk Brasileño Slowed) - Remix,Music Factory,Funk_br,0.803,0.443,184634,0.665,0.000857,11,0.14,-9.84,0,0.563,207.671,4,0.385
Jogadinha do Paqueta,Mc Rf,Funk_br,0.396,0.977,145428,0.823,3.87e-05,7,0.0687,-0.37,1,0.282,130.031,4,0.671
