Cancion,Artista,categoria,acousticness,danceability,duration_ms,energy,instrumentalness,key,liveness,loudness,mode,speechiness,tempo,time_signature,valence
La Calle De Las Sirenas,Kabah,pop_latino,0.0674,0.69,236093,0.929,0.000696,5,0.0713,-6.014,1,0.028,104.522,4,0.836
Mejor Que A Ti Me Va - Versión Reggae,Andrés Cepeda,pop_latino,0.0938,0.59,224707,0.754,0.0,9,0.323,-4.959,0,0.0471,167.973,4,0.595
Te Entrego Mi Corazón,Fonseca,pop_latino,0.519,0.546,182671,0.746,0.0,0,0.0813,-6.1,1,0.0859,141.864,3,0.387
Como Te Puedo Entender,Fonseca,pop_latino,0.233,0.559,261085,0.655,3.02e-06,10,0.111,-7.529,1,0.0292,88.015,4,0.181
Hace Tiempo,Fonseca,pop_latino,0.113,0.714,219787,0.94,0.0,9,0.144,-6.004,1,0.0547,101.998,4,0.635
Como Me Mira,Fonseca,pop_latino,0.206,0.71,228680,0.897,0.0,7,0.0688,-6.091,1,0.0644,90.001,4,0.745
Te Mando Flores,Fonseca,pop_latino,0.228,0.714,228680,0.85,0.0,0,0.108,-7.864,1,0.0541,102.009,4,0.855
Idilio,Fonseca,pop_latino,0.102,0.777,230773,0.642,0.0,5,0.0762,-6.664,0,0.104,95.045,4,0.924
Arroyito,Fonseca,pop_latino,0.269,0.513,238667,0.903,0.0,11,0.147,-6.735,1,0.163,93.513,4,0.682
Enredame,Fonseca,pop_latino,0.0901,0.6,234573,0.963,0.0,9,0.247,-3.886,1,0.0723,96.992,4,0.686
Alma,Fonseca,pop_latino,0.0712,0.671,230293,0.81,3.52e-06,2,0.112,-6.345,1,0.0302,94.977,4,0.65
Eres Mi Sueño,Fonseca,pop_latino,0.138,0.799,209787,0.935,0.000184,3,0.0148,-5.927,0,0.0561,115.017,4,0.968
Si Te Acuerdas De Mi,Fonseca,pop_latino,0.152,0.694,209307,0.785,0.0,7,0.0864,-7.158,1,0.0727,96.994,4,0.674
Prometo,Fonseca,pop_latino,0.367,0.699,217253,0.424,0.0,0,0.153,-8.003,1,0.0308,151.94,3,0.512
Paraiso,Fonseca,pop_latino,0.109,0.599,255573,0.859,1.1e-06,5,0.0752,-5.66,1,0.121,169.971,4,0.903
Entre Mi Vida y la Tuya,Fonseca,pop_latino,0.277,0.597,176196,0.914,0.0,1,0.0689,-4.525,1,0.123,198.029,4,0.893
Ven,Fonseca,pop_latino,0.8,0.356,248533,0.392,1.06e-06,8,0.16,-6.081,1,0.0311,159.415,4,0.338
Sólo Contigo,Fonseca,pop_latino,0.165,0.743,214600,0.796,0.0,4,0.111,-5.484,1,0.066,95.0,4,0.809
Por Pura Curiosidad,Fonseca,pop_latino,0.128,0.773,205253,0.92,0.0,10,0.0914,-3.974,0,0.0638,93.024,4,0.688
Simples Corazones (feat. Melendi),Fonseca,pop_latino,0.163,0.663,243053,0.909,0.0,7,0.108,-2.458,1,0.189,196.006,4,0.499
Sé Morir,Andrés Cepeda,pop_latino,0.192,0.651,201480,0.557,7.02e-05,9,0.181,-7.408,1,0.0465,117.62,4,0.676
Embrujo,Andrés Cepeda,pop_latino,0.434,0.712,162638,0.353,0.0,6,0.127,-7.936,0,0.0357,125.72,4,0.75
Me Voy,Andrés Cepeda,pop_latino,0.281,0.677,247667,0.428,1.78e-06,4,0.0803,-8.732,0,0.0415,112.184,4,0.608
El Carpintero del Amor,Andrés Cepeda,pop_latino,0.346,0.618,199889,0.574,0.000187,6,0.0494,-6.992,1,0.0435,120.067,4,0.628
Tengo Ganas,Andrés Cepeda,pop_latino,0.539,0.745,154880,0.471,0.0,1,0.138,-7.518,0,0.0608,99.105,4,0.545
Piel Canela - Bonus Track,Andrés Cepeda,pop_latino,0.627,0.36,923350,0.000271,0.000179,1,0.288,-9.981,0,0.0404,216.532,4,0.827
Pronostico,Andrés Cepeda,pop_latino,0.143,0.646,220265,0.837,3.42e-06,5,0.0893,-6.356,0,0.0338,94.996,4,0.901
Si Fueras Mi Enemigo,Andrés Cepeda,pop_latino,0.0796,0.697,234292,0.791,0.0,5,0.0792,-6.139,0,0.0461,102.097,4,0.708
Voy a Extrañarte,Andrés Cepeda,pop_latino,0.825,0.481,165669,0.266,0.0,8,0.148,-8.953,1,0.0348,88.206,4,0.442
Día Tras Día,Andrés Cepeda,pop_latino,0.0358,0.475,245682,0.829,0.0,4,0.294,-4.249,0,0.0877,172.029,4,0.657
Enfermedad de Ti,Andrés Cepeda,pop_latino,0.347,0.456,229381,0.68,0.0,7,0.0957,-5.506,1,0.041,79.957,4,0.343
Besos Usados,Andrés Cepeda,pop_latino,0.758,0.48,234475,0.583,0.0,4,0.305,-6.272,1,0.111,172.008,4,0.357
Lo Mejor Que Hay en Mi Vida,Andrés Cepeda,pop_latino,0.414,0.413,214883,0.507,0.0,10,0.0983,-7.971,1,0.0292,70.856,4,0.339
Un Ratito,Andrés Cepeda,pop_latino,0.224,0.558,228754,0.597,0.0,8,0.122,-9.218,1,0.0475,170.092,4,0.869
El Mensaje,Andrés Cepeda,pop_latino,0.641,0.568,222537,0.632,0.0,1,0.118,-6.105,1,0.0287,76.011,4,0.387
Esto No Se Llama Amor,Andrés Cepeda,pop_latino,0.0975,0.454,231784,0.626,0.0,9,0.125,-8.905,1,0.0313,182.037,4,0.388
Desesperado,Andrés Cepeda,pop_latino,0.543,0.366,199293,0.449,0.0,7,0.122,-7.749,1,0.0348,89.681,4,0.216
No Te Vayas Todavía (feat. Kany García),Andrés Cepeda,pop_latino,0.139,0.493,217160,0.606,0.0,2,0.143,-6.236,0,0.034,81.235,4,0.291
Magia (feat. Sebastián Yatra),Andrés Cepeda,pop_latino,0.296,0.518,193853,0.659,0.0,0,0.0817,-6.724,1,0.0618,92.152,4,0.71
Te Voy a Amar,Andrés Cepeda,pop_latino,0.295,0.491,219240,0.691,0.0,1,0.0999,-6.228,1,0.0381,162.19,4,0.457
Déjame Ir,Andrés Cepeda,pop_latino,0.449,0.322,233787,0.656,0.0,2,0.0814,-6.034,1,0.0419,160.612,4,0.401
El Equivocado,Andrés Cepeda,pop_latino,0.27,0.549,219040,0.64,0.0,8,0.0998,-7.531,1,0.0337,162.002,4,0.571
La Gota Fría,Carlos Vives,pop_latino,0.0893,0.719,215493,0.809,0.0,1,0.183,-10.201,1,0.0511,100.839,4,0.964
Deja de Pedir Perdón - MTV Unplugged,Diego Torres,pop_latino,0.28,0.649,250573,0.904,0.0,9,0.98,-4.974,0,0.311,98.015,4,0.582
No Lo Soñé - MTV Unplugged,Diego Torres,pop_latino,0.277,0.742,266160,0.746,0.0,0,0.684,-4.845,1,0.034,109.958,4,0.805
Se Que Ya No Volverás - MTV Unplugged,Diego Torres,pop_latino,0.559,0.758,302653,0.722,0.0,10,0.8,-6.317,1,0.0466,98.02,4,0.653
Cantar Hasta Morir - MTV Unplugged,Diego Torres,pop_latino,0.68,0.629,272173,0.833,0.0,9,0.91,-4.655,1,0.0699,94.061,4,0.567
Que Será (Che Sara) - MTV Unplugged,Diego Torres,pop_latino,0.613,0.599,262853,0.751,0.0,4,0.717,-5.615,1,0.0761,91.946,4,0.74
La Última Noche - MTV Unplugged,Diego Torres,pop_latino,0.49,0.466,250667,0.808,0.0,8,0.697,-5.018,0,0.155,174.018,4,0.767
Alguien la Vio Partir - MTV Unplugged,Diego Torres,pop_latino,0.196,0.498,288293,0.808,0.0,0,0.66,-4.765,1,0.0472,81.112,4,0.512
Déjame Estar - MTV Unplugged,Diego Torres,pop_latino,0.528,0.572,290720,0.787,0.0,4,0.862,-4.528,0,0.0592,149.928,4,0.459
Sueños (with Julieta Venegas) - MTV Unplugged,Diego Torres,pop_latino,0.271,0.62,275440,0.929,0.0,7,0.667,-3.714,1,0.069,104.029,4,0.914
Donde Van - MTV Unplugged,Diego Torres,pop_latino,0.851,0.464,208920,0.296,0.0,9,0.819,-9.0,1,0.0438,106.672,3,0.409
Usted (feat. Vicentico) - MTV Unplugged,Diego Torres,pop_latino,0.468,0.543,287573,0.905,0.0,6,0.797,-3.147,0,0.0726,101.913,4,0.782
Tratar de Estar Mejor - MTV Unplugged,Diego Torres,pop_latino,0.498,0.634,268787,0.852,0.0,7,0.755,-5.292,1,0.0912,94.044,4,0.749
Penélope - MTV Unplugged,Diego Torres,pop_latino,0.647,0.613,298613,0.391,0.0,9,0.764,-7.518,1,0.0312,103.932,4,0.263
Que No Me Pierda - MTV Unplugged,Diego Torres,pop_latino,0.668,0.545,323173,0.761,0.0,5,0.81,-5.136,1,0.0436,110.007,4,0.435
Color Esperanza - MTV Unplugged,Diego Torres,pop_latino,0.692,0.402,311547,0.778,0.0,7,0.737,-5.208,1,0.278,104.09,4,0.488
Tal Vez - MTV Unplugged,Diego Torres,pop_latino,0.705,0.478,235653,0.572,0.0,9,0.893,-6.694,1,0.0733,82.426,4,0.435
Abriendo Caminos (feat. Juan Luis Guerra),Diego Torres,pop_latino,0.223,0.565,250027,0.884,0.0,7,0.0732,-6.342,1,0.0554,106.663,4,0.89
Guapa,Diego Torres,pop_latino,0.047,0.668,203987,0.82,0.0,6,0.313,-3.152,0,0.0492,139.837,4,0.911
Limón y Sal,Julieta Venegas,pop_latino,0.152,0.628,206293,0.641,0.0,11,0.343,-6.059,1,0.0252,110.982,4,0.598
Me Voy,Julieta Venegas,pop_latino,0.0674,0.57,188333,0.593,0.0,2,0.145,-6.051,1,0.0276,107.868,3,0.626
Eres para Mí (with Anita Tijoux),Julieta Venegas,pop_latino,0.0545,0.8,193573,0.648,9.81e-06,6,0.306,-6.851,0,0.0708,96.994,4,0.911
El Presente (Unplugged) (En Vivo),Julieta Venegas,pop_latino,0.0879,0.564,220960,0.749,0.0,11,0.853,-6.203,1,0.0406,142.902,4,0.552
Lento,Julieta Venegas,pop_latino,0.202,0.762,239227,0.745,3.05e-05,5,0.042,-7.426,1,0.0442,143.965,4,0.804
Andar Conmigo,Julieta Venegas,pop_latino,0.3,0.77,193373,0.585,0.0,0,0.116,-8.06,1,0.0285,116.994,4,0.912
Rosa Pastel,Belanova,pop_latino,0.0277,0.813,185920,0.609,0.0211,11,0.334,-6.958,0,0.0314,127.999,4,0.614
Por Ti,Belanova,pop_latino,0.00245,0.672,216333,0.589,0.00587,7,0.114,-7.112,1,0.0276,137.988,4,0.474
Cada Que...,Belanova,pop_latino,0.0621,0.635,223640,0.742,0.000599,8,0.0413,-4.292,1,0.0446,134.958,4,0.506
Baila Mi Corazón,Belanova,pop_latino,0.0152,0.626,215680,0.715,0.0509,5,0.205,-4.604,1,0.0274,132.019,4,0.362
Luz Sin Gravedad,Belinda,pop_latino,0.28,0.535,241907,0.563,0.0,5,0.152,-3.521,1,0.0315,137.79,4,0.172
Bella Traicion,Belinda,pop_latino,0.00644,0.532,225373,0.935,0.0,2,0.11,-3.126,1,0.0686,139.887,4,0.662
Dopamina,Belinda,pop_latino,0.0943,0.751,195867,0.931,0.0,5,0.0929,-4.083,1,0.0399,127.04,4,0.791
Por Besarte,LU,pop_latino,0.193,0.443,217400,0.784,0.0,6,0.0717,-4.433,0,0.0422,176.06,4,0.525
La Vida Despues De Ti,LU,pop_latino,0.34,0.512,283120,0.735,1.51e-06,1,0.0961,-5.948,1,0.03,160.042,4,0.618
Loco extraño,Sandoval,pop_latino,0.152,0.633,271627,0.585,0.0,1,0.0953,-9.089,1,0.0401,74.998,4,0.771
Abrázame,Camila,pop_latino,0.417,0.458,230720,0.472,0.0,6,0.104,-7.183,1,0.0478,150.936,4,0.322
Todo Cambió,Camila,pop_latino,0.563,0.452,193827,0.523,0.0,5,0.233,-6.453,1,0.0625,173.85,3,0.363
Coleccionista de Canciones,Camila,pop_latino,0.336,0.568,306987,0.52,0.0,1,0.113,-5.612,1,0.0309,142.308,4,0.325
Sólo para Ti,Camila,pop_latino,0.0742,0.317,182520,0.361,0.0,8,0.102,-7.628,1,0.0483,77.589,4,0.209
Mientes,Camila,pop_latino,0.0824,0.332,205160,0.592,0.0,1,0.109,-6.127,1,0.0371,170.391,3,0.31
Entre Tus Alas,Camila,pop_latino,0.0981,0.206,246000,0.531,0.0,6,0.103,-7.292,1,0.0345,180.666,3,0.0953
Bésame,Camila,pop_latino,0.0527,0.258,252293,0.385,0.0,6,0.0802,-8.143,0,0.033,174.167,3,0.174
Aléjate de Mí,Camila,pop_latino,0.159,0.464,258533,0.536,0.0,1,0.0969,-8.372,0,0.0472,145.772,4,0.252
De Qué Me Sirve la Vida,Camila,pop_latino,0.29,0.411,248013,0.468,0.0,2,0.136,-7.058,1,0.0294,149.399,4,0.179
Escapar,Kudai,pop_latino,0.00307,0.585,284333,0.759,0.0,1,0.07,-5.92,1,0.0285,111.993,4,0.341
Sin Despertar,Kudai,pop_latino,0.161,0.672,195667,0.779,0.0,11,0.152,-5.249,1,0.0285,97.017,4,0.725
Talvez,Kudai,pop_latino,0.00353,0.687,211773,0.914,3.51e-06,10,0.269,-3.743,1,0.0308,104.066,4,0.743
Llévame,Kudai,pop_latino,0.0292,0.446,224387,0.828,5.87e-06,10,0.163,-4.003,1,0.0445,179.987,4,0.156
Déjame Gritar,Kudai,pop_latino,0.021,0.64,196120,0.861,0.0,0,0.131,-5.079,1,0.0351,104.007,4,0.509
Tú,Kudai,pop_latino,0.0787,0.582,241147,0.784,0.0,2,0.165,-5.286,1,0.0323,141.992,4,0.529
Disfraz,Kudai,pop_latino,0.103,0.674,242262,0.782,0.00133,9,0.189,-5.906,0,0.0331,111.987,4,0.546
Morir De Amor,Kudai,pop_latino,0.135,0.694,234770,0.927,2.63e-05,4,0.156,-5.112,1,0.0259,124.998,4,0.971
Abrázame,Kudai,pop_latino,0.308,0.434,211667,0.674,2.77e-06,8,0.122,-6.297,1,0.0348,159.698,4,0.351
Amor del Bueno,Reyli Barba,pop_latino,0.317,0.77,242027,0.373,0.0,1,0.217,-6.931,1,0.0328,131.975,4,0.293
Sólo Déjate Amar,Kalimba,pop_latino,0.546,0.58,221293,0.49,0.0,9,0.0827,-6.272,1,0.0245,75.929,4,0.165
El Besito - Unplugged,Pasabordo,pop_latino,0.722,0.782,241933,0.714,0.0,0,0.111,-6.309,1,0.142,98.04,4,0.499
Fruta Prohibida,Dragon & Caballero,pop_latino,0.0352,0.803,222133,0.776,0.0,9,0.0979,-5.871,1,0.0668,91.997,4,0.829
Se Siente Bien,Dragon & Caballero,pop_latino,0.493,0.76,244813,0.735,0.0,9,0.152,-6.546,1,0.0607,95.991,4,0.928
El Problemón,Bonka,pop_latino,0.07,0.775,214414,0.785,0.0,9,0.123,-6.272,1,0.0563,122.57,4,0.806
La Mona,Bonka,pop_latino,0.277,0.73,213547,0.868,0.0,10,0.107,-4.119,1,0.0424,124.995,4,0.829
Traga Maluca,Bonka,pop_latino,0.174,0.753,225125,0.8,0.0,5,0.11,-4.875,1,0.0559,120.088,4,0.96
El Sol No Regresa,La Quinta Estacion,pop_latino,0.052,0.615,228560,0.878,1.16e-06,3,0.326,-4.056,1,0.035,127.906,4,0.72
Daría,La Quinta Estacion,pop_latino,0.00169,0.601,222867,0.898,2.3e-06,5,0.0703,-3.133,1,0.0357,132.978,4,0.746
Algo Más,La Quinta Estacion,pop_latino,0.498,0.567,269080,0.665,0.0,5,0.648,-5.465,1,0.0473,149.706,4,0.465
Tu Peor Error,La Quinta Estacion,pop_latino,0.0623,0.576,167787,0.901,0.0,2,0.271,-3.336,1,0.0937,97.972,4,0.847
Me Muero,La Quinta Estacion,pop_latino,0.171,0.424,189560,0.74,0.0,5,0.273,-3.243,1,0.0347,169.914,4,0.585
Sueños Rotos,La Quinta Estacion,pop_latino,0.618,0.506,250987,0.522,0.0,6,0.151,-5.854,1,0.0273,139.706,4,0.345
La Frase Tonta de la Semana,La Quinta Estacion,pop_latino,0.381,0.445,243573,0.747,0.0,10,0.128,-4.275,1,0.0383,75.821,4,0.395
Que Te Quería,La Quinta Estacion,pop_latino,0.0309,0.512,229520,0.888,0.0,9,0.147,-4.766,0,0.0922,143.005,4,0.525
Recuérdame (with Marc Anthony),La Quinta Estacion,pop_latino,0.414,0.501,243787,0.728,0.0,5,0.236,-4.861,0,0.0322,94.024,4,0.267
Quiero Ser,Amaia Montero,pop_latino,0.536,0.667,256720,0.655,1.04e-06,7,0.115,-4.755,1,0.0293,137.052,4,0.636
¿Qué pides tú?,Alex Ubago,pop_latino,0.0762,0.685,249360,0.692,0.0,7,0.29,-6.225,1,0.0341,134.954,4,0.621
A gritos de esperanza,Alex Ubago,pop_latino,0.473,0.583,273293,0.527,0.0,7,0.117,-7.998,1,0.0273,105.413,4,0.457
Sin miedo a nada (feat. Amaia Montero),Alex Ubago,pop_latino,0.406,0.573,310867,0.574,0.0,0,0.125,-4.826,0,0.0468,132.836,4,0.339
Aunque no te pueda ver,Alex Ubago,pop_latino,0.612,0.594,266667,0.457,0.0,4,0.1,-8.673,1,0.0303,117.989,4,0.205
Dame tu aire,Alex Ubago,pop_latino,0.125,0.598,241227,0.74,0.0,4,0.14,-8.052,1,0.0294,124.043,4,0.565
Duele El Amor,Aleks Syntek,pop_latino,0.325,0.674,275373,0.774,1.52e-06,6,0.323,-6.004,0,0.0349,129.951,4,0.702
Intocable,Aleks Syntek,pop_latino,0.0474,0.475,219715,0.754,0.0,5,0.546,-4.946,1,0.0294,76.94,4,0.482
Vine a Buscarte,Fonseca,pop_latino,0.413,0.684,250000,0.866,0.0,2,0.0732,-6.065,1,0.0532,99.991,4,0.46
Colgando en tus manos (con Marta Sánchez),Carlos Baute,pop_latino,0.535,0.836,230280,0.637,0.0,6,0.129,-4.803,1,0.0367,120.025,4,0.875
No Me Doy Por Vencido,Luis Fonsi,pop_latino,0.443,0.31,239400,0.663,0.0,3,0.609,-6.075,1,0.101,172.768,3,0.407
Te Doy Mi Vida,Lucas Arnau,pop_latino,0.298,0.729,275267,0.762,0.0,6,0.161,-6.748,1,0.0324,95.957,4,0.783
Caraluna,Bacilos,pop_latino,0.176,0.76,266160,0.773,0.0,9,0.1,-5.314,1,0.0675,102.789,4,0.895
Tabaco Y Chanel,Bacilos,pop_latino,0.0267,0.643,312400,0.576,0.0,7,0.273,-6.896,1,0.0303,97.022,4,0.699
De Rodillas,Lucas Arnau,pop_latino,0.588,0.828,199173,0.396,0.0,1,0.0788,-5.908,1,0.0322,97.953,3,0.624
Entre Tanta Gente,Lucas Arnau,pop_latino,0.215,0.65,222915,0.757,0.0,6,0.0898,-8.879,1,0.0305,159.963,4,0.774
Amor de Primavera,Lucas Arnau,pop_latino,0.212,0.676,212800,0.819,0.0,7,0.154,-8.022,1,0.0633,109.934,4,0.45
Baracunatana,Aterciopelados,pop_latino,0.151,0.671,151667,0.883,0.0,4,0.132,-4.387,0,0.0479,89.978,4,0.946
Mi primer millon,Bacilos,pop_latino,0.201,0.745,237387,0.924,5.01e-05,5,0.121,-3.898,1,0.0355,103.033,4,0.909
Pasos de gigantes,Bacilos,pop_latino,0.288,0.705,235893,0.666,0.0,11,0.0804,-5.338,1,0.132,171.503,4,0.944
Guerras perdidas,Bacilos,pop_latino,0.341,0.553,225533,0.751,0.0,1,0.275,-7.417,0,0.0932,81.93,4,0.721
Cuéntame al Oido,La Oreja de Van Gogh,pop_latino,0.616,0.646,191267,0.604,0.0,0,0.119,-7.041,1,0.0306,133.072,4,0.537
Cuídate,La Oreja de Van Gogh,pop_latino,0.306,0.662,169533,0.798,0.0,8,0.174,-4.627,1,0.0335,141.007,4,0.542
Soledad,La Oreja de Van Gogh,pop_latino,0.188,0.58,232667,0.692,0.0,3,0.119,-6.202,1,0.0262,137.907,4,0.638
Paris,La Oreja de Van Gogh,pop_latino,0.0673,0.528,226800,0.692,0.0,2,0.13,-6.107,0,0.0309,137.026,4,0.402
La Playa,La Oreja de Van Gogh,pop_latino,0.175,0.589,247693,0.552,0.0,9,0.106,-5.707,1,0.0268,88.535,4,0.311
Dicen Que Dicen,La Oreja de Van Gogh,pop_latino,0.156,0.609,201733,0.79,2.32e-06,9,0.222,-5.18,1,0.037,143.763,4,0.783
Puedes Contar Conmigo,La Oreja de Van Gogh,pop_latino,0.0706,0.651,236565,0.894,0.0,6,0.13,-4.843,1,0.0317,144.95,4,0.561
20 de Enero,La Oreja de Van Gogh,pop_latino,0.38,0.593,223000,0.893,0.000603,0,0.156,-4.047,1,0.0349,145.029,4,0.643
Rosas,La Oreja de Van Gogh,pop_latino,0.627,0.783,236333,0.685,3.49e-06,9,0.108,-5.008,1,0.0271,107.01,4,0.54
Geografía,La Oreja de Van Gogh,pop_latino,0.169,0.686,197184,0.819,0.0,1,0.0616,-4.947,1,0.0345,100.952,4,0.843
Muñeca de Trapo,La Oreja de Van Gogh,pop_latino,0.0524,0.561,233987,0.777,9.41e-05,7,0.108,-3.285,0,0.0297,94.975,4,0.36
Dulce Locura,La Oreja de Van Gogh,pop_latino,0.343,0.634,230107,0.8,0.0,2,0.122,-3.47,1,0.0265,132.025,4,0.533
El Ultimo Vals,La Oreja de Van Gogh,pop_latino,0.128,0.594,204733,0.801,0.0,7,0.0901,-4.788,0,0.0257,137.981,4,0.609
Inmortal,La Oreja de Van Gogh,pop_latino,0.426,0.702,246400,0.865,0.0,8,0.103,-3.396,1,0.0391,140.043,4,0.782
A fuego lento,Rosana,pop_latino,0.513,0.673,220547,0.869,0.0,10,0.157,-4.566,1,0.0975,119.106,4,0.728
Si tú no estas,Rosana,pop_latino,0.874,0.51,256320,0.128,0.0,3,0.0966,-10.878,1,0.0424,133.215,4,0.342
Corazón partío,Alejandro Sanz,pop_latino,0.199,0.648,343413,0.846,4.23e-06,0,0.0803,-6.731,1,0.0424,160.075,4,0.815
Amiga mía,Alejandro Sanz,pop_latino,0.519,0.629,290973,0.703,0.0,2,0.11,-4.875,1,0.0504,144.016,4,0.402
Azul,Cristian Castro,pop_latino,0.0235,0.653,259440,0.858,0.0,10,0.11,-4.646,0,0.0307,127.981,4,0.583
Por Amarte Así,Cristian Castro,pop_latino,0.61,0.61,272200,0.637,0.0,1,0.0952,-5.881,1,0.027,128.863,4,0.322
Me va a extrañar (aka Unchain My Heart),Ricardo Montaner,pop_latino,0.631,0.545,298293,0.499,0.0,4,0.239,-6.587,1,0.0281,131.066,4,0.178
Un Siglo Sin Ti,Chayanne,pop_latino,0.0961,0.611,281027,0.674,0.0,7,0.129,-6.143,0,0.0279,133.906,4,0.261
Tú de Qué Vas,Franco De Vita,pop_latino,0.405,0.607,238160,0.629,0.0,11,0.203,-5.931,1,0.0316,80.11,4,0.567
Tan Sólo Tú (feat. Alejandra Guzmán) - Franco De Vita en Primera Fila,Franco De Vita,pop_latino,0.446,0.411,237720,0.514,0.0,7,0.984,-6.176,1,0.037,148.357,4,0.206
A Partir De Hoy,David Bisbal,pop_latino,0.188,0.652,196803,0.847,0.0,6,0.378,-5.031,1,0.0552,163.939,4,0.515
Dígale,David Bisbal,pop_latino,0.595,0.57,262440,0.474,0.0,2,0.143,-6.809,1,0.0296,130.103,4,0.299
Mi Princesa,David Bisbal,pop_latino,0.757,0.463,202853,0.376,0.0,4,0.28,-8.572,1,0.0393,147.463,3,0.517
Son de Amores,Andy & Lucas,pop_latino,0.472,0.681,231813,0.838,0.0,2,0.605,-5.411,0,0.186,81.942,4,0.688
Tanto la Queria,Andy & Lucas,pop_latino,0.546,0.68,280147,0.756,0.0,10,0.137,-5.718,1,0.0605,144.001,4,0.574
Tu Recuerdo (feat. La Mari De Chambao & Tommy Torres) - MTV Unplugged Version,Ricky Martin,pop_latino,0.502,0.4,247867,0.82,0.0,0,0.712,-5.235,0,0.103,83.415,4,0.398
Bonita,Cabas,pop_latino,0.4,0.716,237336,0.552,0.0,9,0.232,-8.316,1,0.0347,108.045,4,0.785
Podemos Hacernos Daño,Juanes,pop_latino,0.133,0.568,225933,0.967,0.0,4,0.117,-2.986,0,0.131,178.013,4,0.833
A Dios Le Pido,Juanes,pop_latino,0.0636,0.67,205373,0.845,0.0,7,0.0951,-3.54,1,0.0542,96.99,4,0.938
Es Por Ti,Juanes,pop_latino,0.153,0.692,250693,0.759,3.14e-05,4,0.161,-6.087,1,0.0264,129.949,4,0.856
Un Día Normal,Juanes,pop_latino,0.00775,0.541,222853,0.738,0.00491,7,0.0941,-4.163,1,0.0258,90.02,4,0.779
La Paga,Juanes,pop_latino,0.0229,0.788,205200,0.778,0.0,9,0.0635,-3.535,1,0.0397,99.999,4,0.978
Luna,Juanes,pop_latino,0.137,0.706,213053,0.815,1.19e-05,2,0.158,-4.559,1,0.0323,95.003,4,0.958
Mala Gente,Juanes,pop_latino,0.0916,0.669,196893,0.848,0.0,6,0.0804,-3.035,0,0.0471,95.029,4,0.922
Fotografía,Juanes,pop_latino,0.286,0.472,238133,0.718,0.0,7,0.181,-4.422,1,0.0528,83.962,4,0.61
Para Tu Amor,Juanes,pop_latino,0.39,0.608,249000,0.497,0.0,8,0.105,-7.575,1,0.0241,95.0,4,0.538
Sueños,Juanes,pop_latino,0.0514,0.571,190027,0.931,0.0,10,0.109,-3.882,1,0.0436,159.988,4,0.765
La Camisa Negra,Juanes,pop_latino,0.0995,0.747,216707,0.719,0.0,6,0.054,-4.419,0,0.0313,97.005,4,0.969
Nada Valgo Sin Tu Amor,Juanes,pop_latino,0.145,0.601,196360,0.649,0.0,0,0.276,-4.615,1,0.0273,77.001,4,0.348
No Siento Penas,Juanes,pop_latino,0.22,0.635,233440,0.742,0.0,4,0.123,-4.289,1,0.0263,104.996,4,0.349
Lo Que Me Gusta A Mi,Juanes,pop_latino,0.0596,0.677,210627,0.89,0.0,4,0.0866,-5.301,1,0.0403,94.997,4,0.968
Rosario Tijeras,Juanes,pop_latino,0.0133,0.56,207240,0.915,0.0,7,0.104,-4.813,1,0.0465,156.026,4,0.953
¿Qué Pasa?,Juanes,pop_latino,0.0688,0.559,227667,0.817,0.0,6,0.245,-4.752,0,0.0421,164.98,4,0.67
Volverte A Ver,Juanes,pop_latino,0.0602,0.619,217560,0.692,0.0,6,0.241,-4.931,1,0.0299,84.991,4,0.722
Tu Guardián,Juanes,pop_latino,0.0758,0.426,265533,0.44,2.81e-06,0,0.15,-6.724,1,0.0275,149.955,3,0.244
Me Enamora,Juanes,pop_latino,0.0175,0.676,192613,0.839,0.0,4,0.0885,-3.922,0,0.033,94.013,4,0.891
La Vida Es Un Ratico,Juanes,pop_latino,0.288,0.607,243293,0.522,0.0,2,0.0996,-4.601,1,0.0303,139.804,4,0.369
Gotas De Agua Dulce,Juanes,pop_latino,0.0199,0.682,188040,0.858,0.0,1,0.148,-3.452,0,0.029,153.845,4,0.909
Hoy Me Voy,Juanes,pop_latino,0.0241,0.635,203733,0.88,0.0,4,0.0823,-4.446,1,0.0463,93.953,4,0.596
Yerbatero,Juanes,pop_latino,0.0342,0.646,211347,0.846,0.0,4,0.22,-6.19,0,0.0314,96.025,4,0.701
El Ratico,Juanes,pop_latino,0.115,0.651,166107,0.672,0.0,11,0.0867,-7.332,0,0.0495,88.946,4,0.747
Aurora,Juanes,pop_latino,0.0569,0.745,185253,0.803,0.0022,1,0.0631,-4.267,1,0.094,93.988,4,0.816
Bonita,Juanes,pop_latino,0.258,0.749,147787,0.886,0.0,0,0.219,-2.58,1,0.0476,157.948,4,0.963
Pa Dentro,Juanes,pop_latino,0.294,0.765,196040,0.87,0.00039,9,0.296,-3.181,0,0.118,122.527,5,0.776
Querer Mejor,Juanes,pop_latino,0.233,0.782,173467,0.698,0.0,2,0.0952,-4.46,1,0.108,82.502,4,0.569
Eres,Café Tacvba,pop_latino,0.0107,0.583,267600,0.731,0.0136,9,0.238,-6.18,0,0.0271,149.987,4,0.446
Aqui Estoy Yo,Luis Fonsi,pop_latino,0.349,0.429,251520,0.551,0.0,4,0.292,-6.33,1,0.0313,149.76,3,0.384
Hay Días,Santiago Cruz,pop_latino,0.345,0.778,256491,0.643,3.42e-05,9,0.133,-6.03,1,0.118,98.033,4,0.847
Baja la Guardia,Santiago Cruz,pop_latino,0.711,0.759,236027,0.527,0.0,2,0.0974,-6.998,1,0.0352,139.99,4,0.662
6:00 a.m.,Santiago Cruz,pop_latino,0.794,0.807,250307,0.578,3.21e-05,2,0.168,-6.472,1,0.032,96.038,4,0.623
En Tus Zapatos,Santiago Cruz,pop_latino,0.695,0.464,257720,0.555,0.0,1,0.368,-5.835,0,0.138,209.489,3,0.516
"Y Si Te Quedas, ¿Qué?",Santiago Cruz,pop_latino,0.862,0.717,218147,0.512,0.0,9,0.121,-5.975,1,0.0424,147.973,4,0.39
Desde Lejos,Santiago Cruz,pop_latino,0.823,0.697,245000,0.383,0.0,11,0.107,-8.93,0,0.196,139.928,4,0.344
