Cancion,Artista,categoria,acousticness,danceability,duration_ms,energy,instrumentalness,key,liveness,loudness,mode,speechiness,tempo,time_signature,valence
Reconozco Que Te Amo,Binomio de Oro,Ranchenato,0.468,0.743,230893,0.597,4.16e-05,5,0.0712,-7.015,1,0.0618,146.751,4,0.975
A Mano Dura,Binomio de Oro,Ranchenato,0.714,0.788,274800,0.711,0.0,0,0.0433,-4.27,1,0.11,86.67,4,0.97
Cuando No Estas Tu,Diomedes Diaz,Ranchenato,0.519,0.83,302800,0.534,0.0,6,0.0371,-5.698,1,0.0952,145.052,4,0.92
Qué Tal Si Eres Tu,Los Tigres Del Norte,Ranchenato,0.194,0.618,178973,0.844,0.0,2,0.341,-4.377,1,0.108,187.642,4,0.968
La Puerta Negra,Los Tigres Del Norte,Ranchenato,0.315,0.698,203587,0.54,2.25e-06,4,0.288,-8.986,1,0.0331,108.101,4,0.969
Jefe De Jefes,Los Tigres Del Norte,Ranchenato,0.509,0.762,213973,0.685,0.0,9,0.349,-5.222,1,0.0587,110.848,4,0.965
La Banda Del Carro Rojo,Los Tigres Del Norte,Ranchenato,0.523,0.817,186720,0.305,0.0,9,0.0325,-10.975,1,0.07,108.358,4,0.809
Ni Parientes Somos,Los Tigres Del Norte,Ranchenato,0.317,0.831,157827,0.672,0.0,0,0.13,-4.031,0,0.0605,110.012,4,0.968
Señor Locutor,Los Tigres Del Norte,Ranchenato,0.0577,0.896,188267,0.534,0.0,5,0.258,-6.841,1,0.053,105.854,4,0.964
Me Sacaron Del Tenampa,Cornelio Reyna,Ranchenato,0.62,0.818,114370,0.458,0.0,5,0.0972,-4.335,1,0.0662,123.014,4,0.964
Idos De La Mente,Cornelio Reyna,Ranchenato,0.809,0.463,162064,0.194,0.0,7,0.314,-8.604,1,0.029,97.52,4,0.54
Me Caíste Del Cielo,Cornelio Reyna,Ranchenato,0.708,0.462,217942,0.267,0.0,2,0.345,-7.707,1,0.0347,141.254,3,0.506
Mandale Una Carta,Cornelio Reyna,Ranchenato,0.267,0.694,172629,0.372,0.0,9,0.0862,-7.248,1,0.0403,109.38,4,0.831
Acá Entre Nos,Vicente Fernández,Ranchenato,0.529,0.41,195373,0.334,0.0,0,0.137,-6.662,1,0.0621,86.086,4,0.47
Mujeres Divinas,Vicente Fernández,Ranchenato,0.552,0.528,193333,0.302,5.2e-05,5,0.269,-9.577,0,0.0674,140.963,3,0.616
La Diferencia,Vicente Fernández,Ranchenato,0.63,0.409,170107,0.277,0.0,0,0.173,-10.276,1,0.0421,80.062,4,0.534
"Volver, Volver",Vicente Fernández,Ranchenato,0.39,0.355,179397,0.351,0.00257,9,0.394,-9.513,1,0.0455,164.933,4,0.471
Estos Celos,Vicente Fernández,Ranchenato,0.692,0.746,190227,0.324,0.00782,4,0.139,-8.064,1,0.045,104.976,4,0.385
Qué de Raro Tiene,Vicente Fernández,Ranchenato,0.426,0.6,202093,0.356,0.0,4,0.379,-7.725,1,0.0586,67.164,3,0.542
Por Tu Maldito Amor,Vicente Fernández,Ranchenato,0.752,0.551,238000,0.286,0.0,9,0.27,-7.398,1,0.0332,83.086,4,0.408
Un Millón de Primaveras,Vicente Fernández,Ranchenato,0.654,0.73,173080,0.341,0.000181,3,0.0926,-8.521,1,0.0578,100.558,3,0.822
De Qué Manera Te Olvido,Vicente Fernández,Ranchenato,0.82,0.496,171640,0.451,0.000119,9,0.0597,-5.563,1,0.0278,100.296,4,0.455
Que Te Vaya Bonito,Vicente Fernández,Ranchenato,0.568,0.55,182440,0.46,0.0,5,0.086,-6.244,1,0.0448,111.124,3,0.55
La Ley del Monte,Vicente Fernández,Ranchenato,0.308,0.64,174360,0.393,0.0129,7,0.0593,-4.333,1,0.0316,105.605,4,0.751
La Derrota,Vicente Fernández,Ranchenato,0.688,0.518,196253,0.208,0.000122,7,0.124,-9.925,1,0.0435,81.709,4,0.423
El Hijo del Pueblo,Vicente Fernández,Ranchenato,0.442,0.487,160867,0.418,0.0,10,0.17,-6.184,1,0.032,93.236,4,0.588
El Último Beso,Vicente Fernández,Ranchenato,0.669,0.563,172560,0.293,4.41e-05,0,0.302,-9.323,1,0.0331,102.961,4,0.63
Un Camino Lejano,Binomio de Oro de América,Ranchenato,0.114,0.658,302360,0.675,0.0,8,0.0895,-4.665,1,0.0387,135.483,4,0.868
Cantando,"Diomedes Diaz;Poncho Zuleta;Nicolas ""Colacho"" Mendoza",Ranchenato,0.292,0.645,293267,0.589,5.89e-05,2,0.127,-12.861,1,0.369,81.51,4,0.971
El Parrandón,Binomio de Oro,Ranchenato,0.501,0.629,300413,0.835,0.0,7,0.176,-2.596,1,0.189,123.509,4,0.963
La Falla Fue Tuya,Diomedes Diaz,Ranchenato,0.633,0.546,214427,0.323,0.0,11,0.0689,-17.11,1,0.0511,158.477,4,0.965
Quiero Que Seas Mi Estrella,Binomio de Oro de América,Ranchenato,0.192,0.603,300120,0.676,0.0,9,0.17,-5.394,1,0.0308,134.071,4,0.753
No Comprendi Tu Amor,Jorge Oñate,Ranchenato,0.538,0.739,297773,0.413,0.0,4,0.352,-13.243,1,0.051,152.02,4,0.962
Tierra Mala,Los Chiches Vallenatos,Ranchenato,0.451,0.727,288195,0.574,0.0,6,0.119,-6.723,1,0.0332,141.581,4,0.915
Ceniza Fria,Los Chiches Vallenatos,Ranchenato,0.226,0.631,249613,0.415,0.0,9,0.111,-8.831,1,0.0637,140.337,4,0.911
Olvídala,Jorge Celedón,Ranchenato,0.139,0.533,306307,0.727,0.0,2,0.111,-5.136,1,0.0382,132.295,4,0.615
Me Ilusione,Binomio de Oro de América,Ranchenato,0.337,0.559,300800,0.598,0.0,11,0.0733,-4.317,1,0.0316,134.96,4,0.781
Pregúntele a Su Hija,Farid Ortiz,Ranchenato,0.365,0.649,280427,0.581,0.0,11,0.123,-5.928,1,0.0586,149.021,4,0.947
Volvió el Dolor,Binomio de Oro de América,Ranchenato,0.431,0.582,275213,0.562,0.0,9,0.0649,-4.503,1,0.0305,133.438,4,0.765
Me Vieron Llorando,Los Pechichones,Ranchenato,0.686,0.774,277373,0.442,0.0,9,0.376,-10.901,1,0.0471,147.242,4,0.966
Amarte Mas No Pude,Diomedes Diaz,Ranchenato,0.339,0.621,290067,0.629,0.0,1,0.0663,-8.352,1,0.0651,156.84,4,0.962
Me Dejaste Sin Nada,Patricia Teherán,Ranchenato,0.53,0.59,277000,0.607,0.0,6,0.211,-8.075,0,0.093,157.448,4,0.678
Tarde Lo Conoci,Patricia Teherán,Ranchenato,0.624,0.543,294040,0.536,0.0,9,0.107,-10.548,1,0.063,158.826,4,0.934
Qué Sera de Mí,Binomio de Oro,Ranchenato,0.561,0.612,277267,0.675,0.0,6,0.0917,-4.454,1,0.0791,75.342,4,0.894
Compa'e Chipuco,Carlos Vives,Ranchenato,0.156,0.799,196440,0.643,0.0,6,0.0676,-10.084,1,0.0795,87.473,4,0.972
Señora,Otto Serge,Ranchenato,0.592,0.867,238893,0.541,0.0,10,0.0504,-5.699,1,0.0841,134.401,4,0.964
Dime Como Te Olvido,Binomio de Oro de América,Ranchenato,0.38,0.487,287280,0.592,0.0,1,0.0919,-5.991,1,0.0316,134.345,4,0.723
Simulacion (Diomedes Díaz),Diomedes Diaz,Ranchenato,0.721,0.673,184560,0.46,0.0,8,0.182,-10.433,1,0.31,82.778,4,0.969
El Higuerón,Binomio de Oro,Ranchenato,0.749,0.675,256293,0.922,0.0,9,0.138,-0.993,1,0.0972,124.596,4,0.96
Niña Bonita,Binomio de Oro de América,Ranchenato,0.371,0.585,310307,0.502,0.0,10,0.158,-6.909,1,0.0496,138.62,4,0.824
La Creciente,Binomio de Oro,Ranchenato,0.549,0.708,182667,0.683,0.0,0,0.0847,-3.664,1,0.0879,146.672,4,0.966
Olvídala,Binomio de Oro de América,Ranchenato,0.131,0.535,304560,0.737,0.0,2,0.26,-5.154,1,0.0377,132.293,4,0.655
Como Te Olvido,Binomio de Oro de América,Ranchenato,0.317,0.678,290373,0.702,0.0,5,0.133,-4.768,1,0.0707,136.253,4,0.938
Dejame Llorar,Diomedes Diaz,Ranchenato,0.251,0.526,220560,0.75,0.0,9,0.132,-5.743,1,0.042,81.297,4,0.942
Sin Medir Distancias,Diomedes Diaz,Ranchenato,0.557,0.59,298960,0.616,0.0,3,0.131,-6.075,1,0.0526,157.967,4,0.967
La Celosa,Carlos Vives,Ranchenato,0.62,0.747,254000,0.787,0.0,8,0.745,-11.446,1,0.0856,86.314,4,0.98
Me Sobran las Palabras,Binomio de Oro,Ranchenato,0.438,0.764,270293,0.601,0.0,1,0.0804,-3.878,0,0.0414,130.114,4,0.626
Distintos Destinos,Jorge Celedón,Ranchenato,0.214,0.561,220653,0.535,0.0,9,0.0555,-5.253,0,0.0437,126.95,4,0.373
Me Ilusioné,Binomio de Oro de América,Ranchenato,0.339,0.558,300973,0.598,0.0,11,0.0766,-4.343,1,0.0318,134.936,4,0.778
Quiero Que Seas Mi Estrella,Binomio de Oro de América,Ranchenato,0.187,0.605,298987,0.746,0.0,9,0.175,-3.244,1,0.0312,134.074,4,0.741
Los Caminos De La Vida,Los Diablitos,Ranchenato,0.458,0.621,275867,0.745,0.0,7,0.361,-6.918,1,0.0493,151.858,4,0.861
Tú Vas a Volar,Los Diablitos,Ranchenato,0.532,0.535,253067,0.699,0.0,5,0.286,-8.16,0,0.0484,151.169,4,0.816
Que Vuelva,Los Diablitos,Ranchenato,0.44,0.618,262053,0.628,0.0,7,0.165,-7.247,1,0.0455,142.706,4,0.588
Cuando Casi Te Olvidaba,Los Diablitos,Ranchenato,0.216,0.802,281467,0.762,0.0,9,0.326,-3.643,1,0.0483,144.141,4,0.832
Mi Primer Amor,Los Chiches Vallenatos,Ranchenato,0.431,0.813,270602,0.66,0.0,1,0.438,-6.299,1,0.0367,143.915,4,0.965
Entregame Tu Amor,Los inquietos del vallenato,Ranchenato,0.684,0.774,317760,0.559,0.0,4,0.0978,-4.833,1,0.049,130.152,4,0.63
Volver,Los inquietos del vallenato,Ranchenato,0.68,0.772,294227,0.658,0.0,3,0.233,-5.417,0,0.0326,136.166,4,0.908
Nunca Niegues Que Te Amo,Los inquietos del vallenato,Ranchenato,0.229,0.528,300347,0.53,0.0,1,0.0707,-6.531,0,0.0397,135.519,4,0.455
Quiero Saber de Ti,Los inquietos del vallenato,Ranchenato,0.0325,0.675,297413,0.677,0.0,9,0.15,-7.108,1,0.0321,140.572,4,0.698
No Voy a Llorar,Los Diablitos,Ranchenato,0.611,0.583,283920,0.623,0.0,9,0.0923,-12.079,1,0.069,144.568,4,0.777
Sirena Encantadora,Miguel Morales,Ranchenato,0.545,0.657,310933,0.645,0.0,3,0.0779,-5.298,0,0.0348,148.961,4,0.869
Novios Cruzados,Los Diablitos,Ranchenato,0.362,0.653,259920,0.553,0.0,1,0.235,-7.56,0,0.058,146.886,4,0.73
Una Hoja En Blanco,Omar Geles,Ranchenato,0.273,0.601,285640,0.597,0.0,5,0.299,-10.63,1,0.164,143.518,4,0.761
Muero por Verla,Luis Mateus,Ranchenato,0.494,0.761,279560,0.419,0.0,11,0.501,-15.932,1,0.0715,135.597,4,0.835
Perdóname la Vida,Los inquietos del vallenato,Ranchenato,0.618,0.687,292800,0.589,0.0,5,0.247,-3.431,1,0.0337,133.826,4,0.451
Te Sorprenderás,Los inquietos del vallenato,Ranchenato,0.417,0.699,288533,0.662,0.0,7,0.31,-6.558,1,0.0312,136.764,4,0.741
Enseñame a Olvidar,Los Infieles Del Vallenato,Ranchenato,0.634,0.681,318068,0.58,0.0,8,0.109,-6.39,1,0.0379,136.048,4,0.708
Acuérdate,Los Gigantes Del Vallenato,Ranchenato,0.62,0.837,268042,0.509,0.0,6,0.0638,-7.946,0,0.0431,137.388,4,0.929
Dulce Pecado,Jessi Uribe,Ranchenato,0.614,0.641,175456,0.508,0.0,7,0.128,-3.587,1,0.0522,176.339,3,0.77
Matemos las Ganas,Jessi Uribe,Ranchenato,0.476,0.898,182166,0.561,0.0,7,0.0434,-3.71,0,0.044,120.016,4,0.917
OK,Jessi Uribe,Ranchenato,0.502,0.719,141336,0.483,1.99e-05,7,0.105,-5.668,1,0.0732,84.724,4,0.704
Aventurero,Yeison Jimenez,Ranchenato,0.51,0.851,190193,0.63,0.0,8,0.127,-4.366,0,0.0325,93.039,4,0.903
Ya No Mi Amor,Yeison Jimenez,Ranchenato,0.392,0.6,200946,0.321,0.0,9,0.0871,-11.197,0,0.0682,165.173,3,0.804
Vuelve Y Me Pasa,Yeison Jimenez,Ranchenato,0.491,0.808,195535,0.417,0.0,9,0.123,-11.117,0,0.0496,109.939,4,0.927
Maldita Traga,Yeison Jimenez,Ranchenato,0.54,0.742,181523,0.57,0.0,9,0.205,-4.302,0,0.0376,79.936,3,0.646
Ya No Mi Amor,Yeison Jimenez,Ranchenato,0.261,0.611,198235,0.48,0.0,9,0.114,-3.894,0,0.0491,165.232,3,0.771
Como Si Nada,Paola Jara,Ranchenato,0.617,0.612,189208,0.526,0.0,4,0.0871,-2.705,0,0.0481,89.765,4,0.449
De Los Besos Que Te Di,Christian Nodal,Ranchenato,0.388,0.504,167373,0.503,0.0,7,0.0608,-3.313,1,0.0422,195.593,4,0.709
No Te Contaron Mal,Christian Nodal,Ranchenato,0.388,0.617,156947,0.57,0.0,9,0.143,-3.074,0,0.0374,163.2,4,0.632
Probablemente,Christian Nodal,Ranchenato,0.358,0.629,233533,0.463,0.0,7,0.108,-5.759,1,0.0295,80.111,4,0.573
Adiós Amor,Christian Nodal,Ranchenato,0.169,0.433,199320,0.431,0.0,2,0.307,-6.422,1,0.0367,177.732,4,0.722
Probablemente,Christian Nodal,Ranchenato,0.393,0.589,233547,0.49,0.0,7,0.118,-5.291,1,0.0302,160.179,4,0.604
Entre Comillas,Darío Gómez,Ranchenato,0.841,0.676,190589,0.478,0.0,7,0.14,-5.855,0,0.0285,100.996,4,0.714
Sobreviviré,Darío Gómez,Ranchenato,0.791,0.725,224026,0.426,0.0,4,0.063,-3.797,1,0.0368,112.626,4,0.726
La Tirana,Darío Gómez,Ranchenato,0.546,0.459,193627,0.426,0.0,1,0.0702,-4.857,0,0.0477,200.56,4,0.911
Me Atrapaste,Darío Gómez,Ranchenato,0.664,0.808,226133,0.223,0.0,0,0.123,-13.427,1,0.0399,108.549,4,0.9
Eres Todo en Mi Vida,Darío Gómez,Ranchenato,0.538,0.672,224810,0.318,0.0,10,0.101,-10.574,1,0.0418,123.737,4,0.963
Sin Respeto No Hay Amor,Darío Gómez,Ranchenato,0.67,0.471,241685,0.364,9.29e-06,3,0.0469,-4.847,1,0.0478,175.22,3,0.834
La Cita,Galy Galiano,Ranchenato,0.715,0.767,438027,0.902,0.00191,0,0.0791,-5.977,0,0.0495,92.002,4,0.777
La Cita,Galy Galiano,Ranchenato,0.723,0.656,278806,0.958,0.000121,8,0.163,-2.456,0,0.103,89.963,4,0.814
Te Hubieras Ido Antes,Pipe Bueno,Ranchenato,0.829,0.758,193071,0.396,0.0,0,0.173,-6.687,1,0.0393,150.036,3,0.887
Por Mujeres Como Tu,Pepe Aguilar,Ranchenato,0.857,0.568,261132,0.291,1.63e-05,2,0.159,-7.73,1,0.0268,92.023,4,0.357
Aca Entre Nos,Vicente Fernández,Ranchenato,0.524,0.418,193160,0.392,0.0,0,0.225,-5.053,1,0.078,89.767,4,0.461
Me Dediqué a Perderte,Alejandro Fernández,Ranchenato,0.487,0.647,232893,0.451,2.45e-06,8,0.105,-9.075,1,0.0748,147.847,4,0.48
Sin Ti No Hay Vida,Luis Mateus,Ranchenato,0.298,0.778,301120,0.334,0.0,8,0.0663,-15.954,1,0.041,135.968,4,0.796
Me Tocó Perderte,"Los Chiches Vallenatos, Osmar Perez",Ranchenato,0.328,0.593,251761,0.586,0.0,6,0.342,-3.177,1,0.0477,140.606,4,0.968
Amarte Mas No Pude,Diomedes Diaz,Ranchenato,0.343,0.611,289387,0.569,0.0,1,0.0817,-10.075,1,0.0765,156.998,4,0.961
Tú Eres La Reina,Diomedes Diaz,Ranchenato,0.543,0.643,253933,0.575,0.0,9,0.0825,-8.394,1,0.0525,154.497,4,0.958
Sin Medir Distancias,Diomedes Diaz,Ranchenato,0.508,0.573,298707,0.352,0.0,3,0.14,-12.96,1,0.0597,162.492,4,0.962
Ilusiones,Diomedes Diaz,Ranchenato,0.246,0.734,272867,0.432,0.0,7,0.095,-6.891,1,0.055,134.804,4,0.644
La Suerte Esta Hechada,Diomedes Diaz,Ranchenato,0.195,0.559,305160,0.53,0.0,2,0.0683,-9.155,1,0.076,150.009,4,0.863
La Plata,Diomedes Diaz,Ranchenato,0.188,0.671,278240,0.842,0.0,2,0.0359,-7.979,1,0.207,147.848,4,0.786
Amarte Mas No Pude,Diomedes Diaz,Ranchenato,0.359,0.619,290573,0.571,0.0,1,0.123,-10.103,1,0.068,156.847,4,0.963
Por Que Razon,Diomedes Diaz,Ranchenato,0.334,0.481,277027,0.686,0.0,6,0.0384,-9.054,1,0.176,175.709,4,0.884
Mi Muchacho,Diomedes Diaz,Ranchenato,0.421,0.704,287840,0.673,0.0,9,0.142,-6.259,1,0.113,80.629,4,0.963
Fantasia,Diomedes Diaz,Ranchenato,0.699,0.76,350040,0.592,0.0,9,0.102,-5.064,1,0.093,75.901,4,0.963
Bonita,Diomedes Diaz,Ranchenato,0.665,0.716,303573,0.538,0.0,7,0.0998,-10.702,1,0.384,77.84,4,0.976
Los Recuerdos De Ella,Diomedes Diaz,Ranchenato,0.0322,0.742,235067,0.747,0.0,8,0.0974,-6.126,1,0.19,90.05,4,0.963
El Condor Herido,Diomedes Diaz,Ranchenato,0.529,0.6,310520,0.768,0.0,7,0.13,-5.888,1,0.206,89.129,4,0.973
Tres Canciones,Diomedes Diaz,Ranchenato,0.431,0.584,284573,0.579,0.0,7,0.239,-7.02,1,0.0566,152.442,4,0.963
Me Deja El Avion,Diomedes Diaz,Ranchenato,0.479,0.646,262067,0.534,0.0,7,0.0525,-5.85,1,0.0406,142.292,4,0.97
Título de Amor,Diomedes Diaz,Ranchenato,0.306,0.683,230667,0.665,0.0,7,0.108,-7.584,1,0.119,91.778,4,0.961
Doblaron Las Campanas,Diomedes Diaz,Ranchenato,0.56,0.708,306227,0.511,0.0,9,0.147,-5.858,1,0.0453,143.584,4,0.959
Diana (Diomedes Diaz),Diomedes Diaz,Ranchenato,0.704,0.592,305307,0.457,0.0,0,0.113,-9.068,1,0.255,164.235,4,0.956
Cristina Isabel,Diomedes Diaz,Ranchenato,0.414,0.733,319227,0.479,1.01e-06,9,0.0511,-6.936,1,0.397,154.256,4,0.982
Te Quiero Mucho,Diomedes Diaz,Ranchenato,0.389,0.653,289573,0.671,0.0,3,0.0366,-7.922,1,0.212,90.304,4,0.975
Tu Serenata,Diomedes Diaz,Ranchenato,0.383,0.781,299440,0.537,0.0,7,0.122,-8.986,1,0.0724,139.039,4,0.971
Mi Ahijado,Diomedes Diaz,Ranchenato,0.41,0.709,277987,0.482,0.0,9,0.0968,-8.645,1,0.117,97.107,4,0.911
Si Te Vas Te Olvido,Diomedes Diaz,Ranchenato,0.341,0.566,234507,0.69,0.0,9,0.176,-5.768,1,0.0684,157.807,4,0.972
Te Necesito,Diomedes Diaz,Ranchenato,0.304,0.557,275040,0.573,0.0,8,0.341,-7.992,1,0.148,88.546,4,0.92
Gaviota Herida,Diomedes Diaz,Ranchenato,0.505,0.713,291293,0.501,0.0,11,0.651,-9.945,1,0.0751,80.509,4,0.967
Sin Saber Que Me Espera,Diomedes Diaz,Ranchenato,0.299,0.62,278960,0.534,1.02e-06,6,0.0664,-10.601,1,0.0469,151.283,4,0.879
Ven Conmigo,Diomedes Diaz,Ranchenato,0.628,0.569,284627,0.551,0.0,9,0.131,-8.61,1,0.0641,155.233,4,0.939
Sin Ti,Diomedes Diaz,Ranchenato,0.265,0.597,242533,0.587,0.0,9,0.0827,-5.468,1,0.0498,86.112,4,0.961
Todo Es Para Ti,Diomedes Diaz,Ranchenato,0.279,0.637,243627,0.782,0.0,0,0.238,-6.377,1,0.0644,119.048,4,0.968
Cantando,Diomedes Diaz,Ranchenato,0.409,0.663,295960,0.691,0.0,7,0.468,-6.995,1,0.0966,83.655,4,0.967
El Culpable Soy Yo,Diomedes Diaz,Ranchenato,0.667,0.66,341467,0.495,0.0,9,0.0675,-6.767,1,0.0395,151.038,4,0.919
Lluvia De Verano,Diomedes Diaz,Ranchenato,0.767,0.757,259427,0.477,3.58e-06,0,0.0543,-11.258,1,0.0712,149.185,4,0.969
Acompañame,Diomedes Diaz,Ranchenato,0.628,0.877,257733,0.702,0.0,4,0.129,-3.94,1,0.0567,134.17,4,0.976
Señora,Otto Serge,Ranchenato,0.792,0.864,237738,0.649,0.0,10,0.0401,-3.075,1,0.0759,134.42,4,0.965
Los Recuerdos De Ella,Diomedes Diaz,Ranchenato,0.13,0.762,235360,0.641,0.0,8,0.148,-8.79,1,0.115,89.646,4,0.975
Mi Hermano Y Yo,Los Hermanos Zuleta,Ranchenato,0.572,0.801,298667,0.767,0.00036,3,0.0516,-5.605,1,0.0552,151.883,4,0.975
Cómo Lo Hizo,Silvestre Dangond,Ranchenato,0.238,0.525,244840,0.813,0.0,11,0.0704,-4.28,0,0.0696,160.659,4,0.902
Ya Viene Amaneciendo,Antonio Aguilar,Ranchenato,0.541,0.552,191483,0.32,0.00314,9,0.12,-7.59,1,0.0311,102.991,4,0.664
Lamento Guaidueri,Julio Miranda,Ranchenato,0.645,0.439,207273,0.615,4.1e-06,7,0.0747,-6.626,1,0.0484,194.193,3,0.968
Esa Mujer,Silvestre Dangond,Ranchenato,0.586,0.563,191307,0.598,0.0,7,0.185,-3.555,1,0.138,89.448,4,0.623
Niégame Tres Veces,Silvestre Dangond,Ranchenato,0.328,0.715,269453,0.841,0.0,11,0.308,-3.224,1,0.0713,83.826,4,0.961
Que No Se enteren,Silvestre Dangond,Ranchenato,0.563,0.661,270667,0.764,0.0,9,0.0866,-4.417,1,0.051,169.866,4,0.959
El Dilema,Silvestre Dangond,Ranchenato,0.494,0.694,261053,0.788,0.0,8,0.113,-4.571,1,0.074,83.832,4,0.963
La Difunta,Silvestre Dangond,Ranchenato,0.476,0.62,273667,0.764,0.0,6,0.119,-6.458,1,0.0824,88.536,4,0.966
Calidad de Vida,Silvestre Dangond,Ranchenato,0.599,0.709,260653,0.828,0.0,9,0.0502,-4.155,1,0.0625,165.929,4,0.961
Cantinero,Silvestre Dangond,Ranchenato,0.471,0.586,270640,0.873,0.0,11,0.0893,-3.041,1,0.139,91.583,4,0.862
Regálame una Noche,Silvestre Dangond,Ranchenato,0.366,0.794,236507,0.875,0.0,6,0.0331,-3.915,1,0.0832,93.009,4,0.866
A Blanco y Negro,Silvestre Dangond,Ranchenato,0.0941,0.554,280133,0.682,0.0,7,0.1,-6.957,1,0.127,166.402,4,0.731
10 Razones para Amarte,El Gran Martín Elías,Ranchenato,0.507,0.532,315862,0.769,0.0,1,0.361,-4.823,1,0.0731,160.191,4,0.843
Ábrete,El Gran Martín Elías,Ranchenato,0.484,0.746,271240,0.797,0.0,0,0.153,-3.626,1,0.0768,89.952,4,0.964
Pa' las Que Sea,Jimmy Gutierrez,Ranchenato,0.374,0.944,261013,0.829,1.09e-06,7,0.12,-4.827,1,0.0319,113.967,4,0.966
Me Bebi Lo del Mercado,Jimmy Gutierrez,Ranchenato,0.251,0.931,219347,0.821,0.0,5,0.0747,-6.959,1,0.0459,121.076,4,0.973
A Partir de Hoy,Jimmy Gutierrez,Ranchenato,0.291,0.539,224150,0.499,0.0,7,0.0535,-5.31,1,0.0484,160.667,3,0.687
Cuestión Olvidada,El Charrito Negro,Ranchenato,0.422,0.725,207347,0.419,0.0,7,0.374,-4.915,1,0.0339,114.195,4,0.808
Con la Tierra Encima,El Charrito Negro,Ranchenato,0.706,0.783,184467,0.528,2.74e-05,0,0.0647,-6.795,1,0.0373,110.138,4,0.965
Usted Señora,El Charrito Negro,Ranchenato,0.772,0.786,170227,0.462,2.59e-06,5,0.121,-8.022,1,0.0594,117.989,4,0.935
No Hay Mal Que Dure Cien Años,El Charrito Negro,Ranchenato,0.594,0.596,203133,0.446,0.000109,1,0.0944,-7.441,1,0.0636,181.388,3,0.923
Devuélveme los Besos,El Charrito Negro,Ranchenato,0.49,0.691,181027,0.51,0.0,8,0.0566,-6.674,1,0.0428,111.668,4,0.768
"Si Te Vas, Te Vas",Diomedes Dionisio Díaz,Ranchenato,0.233,0.628,302478,0.607,0.0,8,0.0928,-6.217,1,0.0469,143.133,4,0.913
Me Tomas y Me Dejas,Luis Alberto Posada,Ranchenato,0.896,0.638,204693,0.458,0.0,9,0.125,-3.233,0,0.0448,150.068,3,0.638
Doble Dosis De Licor,Luis Alberto Posada,Ranchenato,0.662,0.66,204253,0.549,0.0,11,0.0658,-5.006,0,0.0465,164.25,3,0.828
El Precio de Tu Error,Luis Alberto Posada,Ranchenato,0.322,0.515,210880,0.289,1.57e-05,5,0.122,-8.899,0,0.0744,153.75,3,0.52
Por Quien Doblan Las Campanas,Luis Alberto Posada,Ranchenato,0.19,0.652,256368,0.612,9.36e-06,4,0.333,-2.734,0,0.029,95.272,4,0.658
Mi Pasión Recordarás,Luis Alberto Posada,Ranchenato,0.851,0.616,205133,0.373,0.27,11,0.0993,-7.555,1,0.0757,172.991,3,0.835
Borracho por Ella,Luis Alberto Posada,Ranchenato,0.768,0.83,191133,0.469,0.215,4,0.0987,-7.909,1,0.046,84.168,3,0.92
Me Salió Maestra,Luis Alberto Posada,Ranchenato,0.235,0.684,162792,0.624,6.86e-06,9,0.0656,-3.003,1,0.0419,81.418,3,0.337
Por Mujeres Como Tu,Pepe Aguilar,Ranchenato,0.857,0.568,261132,0.291,1.63e-05,2,0.159,-7.73,1,0.0268,92.023,4,0.357
Qué Maldición,Banda MS de Sergio Lizárraga,Ranchenato,0.213,0.755,203360,0.531,0.0,9,0.13,-8.051,0,0.196,177.951,4,0.683
El Patas Blancas,Antonio Aguilar,Ranchenato,0.823,0.461,193887,0.432,7.07e-06,7,0.44,-5.722,1,0.0685,176.773,3,0.812
Me Vas A Extrañar,Binomio de Oro de América,Ranchenato,0.315,0.705,287427,0.77,0.0,3,0.0813,-2.071,1,0.0312,128.452,4,0.636
No Voy A Llorar,Los Diablitos,Ranchenato,0.694,0.55,283853,0.815,0.0,9,0.0695,-5.521,1,0.0551,144.737,4,0.771
Me Ilusione,Binomio de Oro de América,Ranchenato,0.333,0.552,300787,0.598,0.0,11,0.0725,-4.317,1,0.0316,135.049,4,0.74
Un Solo Cuerpo,Los Chiches Vallenatos,Ranchenato,0.65,0.769,280783,0.646,0.0,3,0.129,-5.865,0,0.0302,139.734,4,0.961
No Pude Quitarte las Espinas,Erick Escobar y La Decisión Vallenata,Ranchenato,0.345,0.748,294560,0.676,5.33e-06,4,0.11,-6.237,1,0.031,137.898,4,0.894
Aquí Conmigo,Los Chiches Vallenatos,Ranchenato,0.497,0.703,303760,0.585,0.0,6,0.128,-6.063,1,0.0279,129.881,4,0.779
Vovió el Dolor,Binomio de Oro de América,Ranchenato,0.469,0.575,272853,0.546,0.0,9,0.0945,-5.173,1,0.03,133.429,4,0.749
No Te Detengas,Miguel Morales,Ranchenato,0.556,0.721,286533,0.564,0.0,6,0.0841,-5.174,1,0.118,76.059,4,0.849
Cuatro Rosas,Jorge Celedón,Ranchenato,0.476,0.773,276360,0.585,0.0,11,0.089,-5.728,1,0.0899,148.077,4,0.784
Tres Noches,Sagitario,Ranchenato,0.444,0.801,276040,0.627,0.0,1,0.0401,-4.904,0,0.0385,143.504,4,0.791
Te Veré Llorar,"Los Chiches Vallenatos, Osmar Perez",Ranchenato,0.187,0.759,269596,0.635,0.0,8,0.238,-4.322,1,0.0333,130.958,4,0.964
El Amor Es Perdón y Algo Mas,"Los Chiches Vallenatos, Osmar Perez",Ranchenato,0.602,0.796,315087,0.699,0.0,1,0.146,-4.392,0,0.0357,133.799,4,0.655
Sólo Pienso en Ti (Canción de Primavera),"Los Chiches Vallenatos, Osmar Perez",Ranchenato,0.729,0.733,306688,0.615,0.0,5,0.355,-5.427,1,0.0282,138.547,4,0.726
Voy a Olvidarte,"Los Chiches Vallenatos, Osmar Perez",Ranchenato,0.5,0.759,312783,0.707,0.0,7,0.0717,-4.46,1,0.0329,139.854,4,0.914
Muchacha Encantadora,"Los Chiches Vallenatos, Osmar Perez",Ranchenato,0.772,0.616,257643,0.806,0.0,5,0.107,-2.754,1,0.0625,148.307,4,0.891
Fábula de Amor,Los Chiches Vallenatos,Ranchenato,0.546,0.741,195300,0.768,1.02e-06,0,0.0512,-5.091,1,0.0539,80.662,4,0.97
El Precio de un Error,"Los Chiches Vallenatos, Osmar Perez",Ranchenato,0.534,0.683,304552,0.555,0.0,5,0.0963,-5.906,1,0.0469,145.01,4,0.896
Olvídala,Jorge Celedón,Ranchenato,0.135,0.534,304293,0.733,0.0,2,0.392,-5.124,1,0.0371,132.322,4,0.609
Ay Hombe,Jorge Celedón,Ranchenato,0.434,0.792,317893,0.632,0.0,8,0.317,-6.002,1,0.0391,135.47,4,0.916
Cuatro Rosas,Jorge Celedón,Ranchenato,0.472,0.785,275827,0.597,0.0,11,0.103,-5.706,1,0.0882,148.032,4,0.796
Me Voy De Ti,Jorge Celedón,Ranchenato,0.513,0.563,284107,0.608,0.0,7,0.0935,-5.82,0,0.0392,130.602,4,0.752
Cómo Te Olvido,Jorge Celedón,Ranchenato,0.328,0.678,290120,0.699,0.0,5,0.115,-4.752,1,0.0713,136.269,4,0.947
No Merezco Tanto Silencio,Jorge Celedón,Ranchenato,0.483,0.685,270107,0.592,0.0,5,0.0515,-5.563,1,0.0502,138.958,4,0.685
Si Tu Amor No Vuelve,Binomio de Oro de América,Ranchenato,0.38,0.763,294640,0.58,0.0,0,0.291,-4.84,1,0.0348,128.223,4,0.784
Ay Hombe,Jorge Celedón,Ranchenato,0.503,0.784,321160,0.626,0.0,8,0.12,-6.135,1,0.0396,135.58,4,0.922
