Cancion,Artista,categoria,acousticness,danceability,duration_ms,energy,instrumentalness,key,liveness,loudness,mode,speechiness,tempo,time_signature,valence
Roots and Culture,Mikey Dread,reggae_roots,0.104,0.73,365760,0.584,0.0406,6,0.347,-9.058,0,0.0825,144.039,4,0.817
Nah Look Back - Rohan's Straight Mix,Raging Fyah,reggae_roots,0.0868,0.741,313876,0.597,7.75e-06,7,0.108,-5.685,0,0.0512,135.602,4,0.769
Sometimes We Play,10 Ft. Ganja Plant,reggae_roots,0.169,0.786,245453,0.453,0.00226,0,0.0741,-8.595,1,0.0993,148.664,4,0.605
Bush Doctor,Peter Tosh,reggae_roots,0.0315,0.757,244960,0.489,6.26e-05,4,0.103,-9.672,0,0.0628,136.435,4,0.805
Dance Hall Style (Extended Version),Sugar Minott,reggae_roots,0.0307,0.746,348787,0.48,3.37e-05,1,0.0908,-3.371,1,0.0538,146.994,4,0.71
Animal - Mark Ronson Remix,Miike Snow,reggae_roots,0.284,0.834,271107,0.813,0.00673,1,0.0555,-4.823,0,0.0417,116.623,4,0.962
54-46 Was My Number,Toots & The Maytals,reggae_roots,0.18,0.685,204027,0.36,0.0,0,0.112,-9.572,1,0.0568,160.448,4,0.597
Calma Mamma,Echo Sound System,reggae_roots,0.576,0.738,156840,0.754,0.0,2,0.146,-8.093,1,0.0631,79.033,4,0.966
Rivers of Babylon - Long Version,The Melodians,reggae_roots,0.685,0.793,257267,0.369,0.343,7,0.0973,-14.082,1,0.0682,106.884,4,0.793
Pass The Kutchie,Mighty Diamonds,reggae_roots,4.48e-05,0.7,215667,0.476,0.00154,0,0.0944,-9.771,1,0.0702,143.413,4,0.652
Uptown Top Ranking - Remastered 2001,Althea And Donna,reggae_roots,0.0477,0.886,229160,0.522,0.00108,7,0.207,-7.971,1,0.173,82.439,4,0.79
Let the Teardrops Fall,Horace Andy,reggae_roots,0.851,0.717,170227,0.455,0.000244,9,0.0802,-10.809,0,0.184,74.657,4,0.92
Dub Fire,Aswad,reggae_roots,0.113,0.701,270067,0.33,0.15,2,0.267,-13.127,1,0.0542,129.233,4,0.463
Rise Up Dub,Alborosie,reggae_roots,0.0127,0.778,221787,0.478,0.89,10,0.349,-9.016,0,0.0741,135.206,4,0.529
A Winter of Dub,Alborosie,reggae_roots,0.000486,0.648,227147,0.564,0.876,5,0.06,-7.151,1,0.0347,81.031,4,0.351
Blame Game,Clinton Fearon,reggae_roots,0.27,0.888,298333,0.737,0.00459,8,0.0608,-4.381,0,0.0565,144.188,4,0.715
Red Rose For Gregory,Gregory Isaacs,reggae_roots,0.0852,0.788,235773,0.528,4.3e-06,6,0.0853,-7.243,1,0.0542,82.273,4,0.84
Stop The Hate,Clinton Fearon,reggae_roots,0.153,0.925,386840,0.43,3.32e-05,5,0.12,-8.897,0,0.0522,132.378,4,0.818
My Master's Will,Israel Vibration,reggae_roots,0.146,0.867,277320,0.544,0.0,1,0.101,-7.381,1,0.231,143.719,4,0.772
Guts,The Gladiators,reggae_roots,0.0885,0.925,202040,0.563,0.000153,9,0.155,-8.684,0,0.318,132.15,4,0.85
Ruling Dub,Groundation,reggae_roots,0.0496,0.823,424600,0.369,0.0447,10,0.0938,-10.826,0,0.0569,122.259,4,0.644
Babylon Rule Dem,Groundation,reggae_roots,0.228,0.841,423707,0.485,0.000112,10,0.086,-9.427,0,0.0851,122.111,4,0.565
Prayer To Jah,The Gladiators,reggae_roots,0.181,0.811,194160,0.482,0.0664,9,0.108,-9.003,1,0.0902,141.424,4,0.868
Act Of Affection,Wailing Souls,reggae_roots,0.0899,0.824,163200,0.596,9.65e-05,2,0.0396,-7.015,1,0.0671,137.454,4,0.852
"Operation Eradication - 12"" Mix",Eek-A-Mouse,reggae_roots,0.0671,0.811,195267,0.462,0.0,0,0.0893,-6.941,1,0.122,73.101,4,0.902
Tribal War,Black Roots,reggae_roots,0.102,0.788,277865,0.253,0.00459,7,0.0899,-15.315,1,0.335,119.583,4,0.734
ARISTOCRAT,Reggae Regular,reggae_roots,0.000998,0.892,186480,0.292,0.000186,1,0.0316,-13.271,1,0.218,137.111,4,0.587
Down On The Rocks,Wailing Souls,reggae_roots,0.0466,0.78,211067,0.431,0.000116,2,0.0256,-11.532,1,0.113,74.156,4,0.721
Education Of Brainwashing,The Congos,reggae_roots,0.0268,0.896,195240,0.276,0.00388,0,0.055,-15.973,1,0.111,135.519,4,0.927
Just Because I'm A Rastaman,Peter Broggs,reggae_roots,0.00481,0.863,187573,0.351,0.266,6,0.0616,-14.564,1,0.0863,140.842,4,0.863
Princess Lady,Lacksley Castell,reggae_roots,0.0143,0.824,300093,0.257,0.00452,10,0.0878,-15.535,0,0.349,148.673,4,0.9
Changes,KIDDUS I,reggae_roots,0.0199,0.95,206766,0.439,9.97e-06,11,0.251,-9.894,1,0.107,129.963,4,0.936
Chip In,Wayne Jarrett,reggae_roots,0.0129,0.868,258787,0.345,0.00807,6,0.115,-13.441,0,0.29,146.949,4,0.862
Crazy Baldhead,Johnny Clarke,reggae_roots,0.0681,0.92,220827,0.355,2.41e-05,11,0.0504,-14.272,0,0.178,135.553,4,0.841
Great Wall of Dub,Alborosie,reggae_roots,0.0182,0.511,250720,0.302,0.904,10,0.336,-11.063,0,0.134,71.51,4,0.374
Money,Alborosie,reggae_roots,0.111,0.776,245013,0.818,0.0,9,0.335,-2.753,0,0.108,143.95,4,0.915
Kingston Town,Alborosie,reggae_roots,0.0309,0.788,190960,0.812,0.0,4,0.357,-3.361,0,0.0971,148.018,4,0.525
Global War,Alborosie,reggae_roots,0.258,0.735,225267,0.648,0.000166,4,0.151,-6.271,0,0.0905,144.881,4,0.894
Humbleness,Alborosie,reggae_roots,0.153,0.713,239973,0.627,0.0,0,0.161,-4.549,1,0.332,146.281,4,0.723
A Dub Of Ice and Fire,Alborosie,reggae_roots,0.000183,0.714,220587,0.465,0.72,6,0.162,-11.52,1,0.0587,107.843,3,0.375
Iron Throne Dub,Alborosie,reggae_roots,0.00131,0.833,231680,0.478,0.803,7,0.0636,-7.337,1,0.0856,133.987,4,0.686
Lords of Dub,Alborosie,reggae_roots,0.000598,0.779,204787,0.467,0.902,6,0.325,-7.767,1,0.173,81.093,4,0.365
King of The Dub Clash,Alborosie,reggae_roots,0.00736,0.772,211360,0.444,0.895,9,0.103,-8.771,1,0.13,138.482,4,0.456
Days Chasing Days,The Congos,reggae_roots,0.0229,0.77,275240,0.226,0.225,9,0.0567,-17.417,0,0.303,76.406,4,0.794
Bless the Nest,Midnite,reggae_roots,0.473,0.757,238760,0.494,0.000115,9,0.212,-6.886,0,0.197,82.393,4,0.477
Holy Mountain,Midnite,reggae_roots,0.0194,0.838,248686,0.644,0.0,11,0.132,-6.122,0,0.332,120.169,4,0.823
When Jah Arise,Midnite,reggae_roots,0.0466,0.638,245525,0.624,0.0,6,0.0918,-6.957,0,0.363,79.618,4,0.488
Upfull Day,Midnite,reggae_roots,0.0138,0.687,258762,0.663,0.0,11,0.11,-6.333,0,0.258,119.857,4,0.468
Stand the Test,Midnite,reggae_roots,0.000228,0.774,232935,0.67,0.0,2,0.0636,-5.47,1,0.316,156.449,4,0.789
Haile Selassie I the First Time,Midnite,reggae_roots,0.00521,0.775,274360,0.824,0.0,1,0.0861,-5.518,1,0.184,132.022,4,0.75
Bushman,Midnite,reggae_roots,0.05,0.849,368800,0.34,1.44e-05,7,0.118,-15.981,1,0.391,108.082,4,0.639
To Ge Da,Midnite,reggae_roots,0.00832,0.689,272493,0.632,0.0,6,0.0638,-8.1,0,0.121,139.968,4,0.613
Calm the Day,Midnite,reggae_roots,0.0282,0.639,238640,0.654,0.0,3,0.123,-6.629,0,0.223,80.965,4,0.615
Rasta Man Stand,Midnite,reggae_roots,0.0455,0.903,452467,0.252,1.03e-05,2,0.0786,-14.117,1,0.31,111.764,4,0.7
In the Race So Far,Midnite,reggae_roots,0.115,0.918,383040,0.228,0.0,4,0.0633,-15.297,0,0.177,106.61,4,0.752
Banking in the Pig,Midnite,reggae_roots,0.359,0.844,358387,0.355,0.0,9,0.0531,-14.369,1,0.22,133.993,4,0.774
Love The Life You Live,Midnite,reggae_roots,0.00022,0.674,319667,0.444,1.69e-06,8,0.0634,-15.926,1,0.0556,168.797,4,0.575
"Pagan, Pay Gone",Midnite,reggae_roots,0.125,0.863,400747,0.328,0.000911,0,0.141,-14.91,1,0.0735,143.661,4,0.925
Great Wall of Dub (feat. King Jammy),Alborosie,reggae_roots,0.0188,0.727,250720,0.299,0.903,1,0.337,-11.063,1,0.0951,71.628,4,0.395
King of The Dub Clash (feat. King Jammy),Alborosie,reggae_roots,0.00776,0.779,211360,0.44,0.894,9,0.0914,-8.773,1,0.138,138.494,4,0.476
Who Claims The Throne? (feat. King Jammy),Alborosie,reggae_roots,0.000888,0.766,240627,0.3,0.863,2,0.0679,-8.005,1,0.0927,80.97,4,0.509
Dub Beast (feat. King Jammy),Alborosie,reggae_roots,0.00901,0.672,232427,0.426,0.421,10,0.0839,-6.576,1,0.0786,78.617,4,0.717
Something Wrong,The Expanders,reggae_roots,0.0155,0.801,212173,0.71,0.000281,6,0.0393,-5.33,0,0.0469,138.392,4,0.842
Blessing,Alborosie,reggae_roots,0.0689,0.657,217240,0.595,1.28e-06,4,0.122,-6.183,0,0.316,149.969,4,0.622
New Day,The Devastators,reggae_roots,0.0673,0.824,242320,0.75,0.0234,4,0.102,-5.058,0,0.0366,138.898,4,0.963
Shellshock,The Devastators,reggae_roots,0.243,0.769,223880,0.622,0.00599,10,0.0978,-7.222,0,0.142,165.871,4,0.916
The Garden,Tribal Seeds,reggae_roots,0.0814,0.849,297453,0.703,0.000378,7,0.094,-5.408,0,0.0586,149.914,4,0.895
In Your Eyes,Tribal Seeds,reggae_roots,0.0735,0.844,305630,0.494,0.000193,1,0.0683,-9.398,1,0.0667,140.999,4,0.873
Dark Angel,Tribal Seeds,reggae_roots,0.00917,0.703,311333,0.459,1.51e-05,9,0.15,-12.067,0,0.0356,147.992,4,0.23
The Harvest,Tribal Seeds,reggae_roots,0.0873,0.746,312200,0.695,7.29e-05,1,0.187,-5.115,0,0.0817,164.022,4,0.591
Who You Think You Are,Alborosie,reggae_roots,0.0122,0.875,219933,0.561,0.0,0,0.167,-7.851,1,0.122,124.795,4,0.817
Real Story,Alborosie,reggae_roots,0.18,0.848,198147,0.73,0.0,7,0.115,-3.818,1,0.203,138.194,4,0.818
No Cigarette Smoking (In My Room),Stephen Marley,reggae_roots,0.0397,0.699,220493,0.529,0.0,6,0.0606,-5.45,0,0.097,135.866,4,0.74
Still Blazing,Alborosie,reggae_roots,0.0159,0.749,230573,0.704,2.02e-06,6,0.0886,-5.415,0,0.269,145.618,4,0.821
Rastafari Anthem,Alborosie,reggae_roots,0.0353,0.758,206733,0.643,0.0,7,0.134,-6.107,1,0.392,76.757,4,0.568
Herbalist,Alborosie,reggae_roots,0.0773,0.804,191333,0.607,0.0,10,0.0993,-6.84,0,0.37,142.421,4,0.823
Harder Times (feat. Jahdan Blakkamoore),Snoop Lion,reggae_roots,0.106,0.429,212627,0.634,1.34e-06,2,0.11,-7.408,1,0.0504,82.75,4,0.297
No Cocaine,Alborosie,reggae_roots,0.056,0.767,254907,0.732,4.73e-06,7,0.0688,-5.008,0,0.282,75.005,4,0.871
Sign no contract,Lyricson,reggae_roots,0.108,0.552,250360,0.635,0.0,0,0.138,-3.365,1,0.105,79.354,4,0.601
Diversity,Alborosie,reggae_roots,0.0373,0.715,249667,0.512,0.0,7,0.289,-6.826,1,0.199,133.944,4,0.707
Moonshine,Alborosie,reggae_roots,0.0417,0.698,239027,0.447,0.000127,5,0.0891,-7.36,1,0.065,134.999,4,0.522
Black Woman,Alborosie,reggae_roots,0.236,0.67,194330,0.693,0.0,9,0.0754,-5.591,0,0.137,140.259,4,0.582
Work,Alborosie,reggae_roots,0.0253,0.873,236459,0.499,0.0,7,0.132,-6.042,1,0.214,126.6,4,0.82
Waan The Herb (feat. Michael Rose),Alborosie,reggae_roots,0.126,0.772,221720,0.62,0.0,10,0.266,-5.527,0,0.159,80.885,4,0.89
Jah In Our Heart,Chezidek,reggae_roots,0.207,0.697,206827,0.585,0.0,9,0.119,-6.729,0,0.0408,159.978,4,0.853
Rasta Love Feat. Ky-Mani Marley,Protoje,reggae_roots,0.429,0.911,185312,0.565,0.0,9,0.0802,-6.209,0,0.0718,96.012,4,0.751
Stranger In Town,Gregory Isaacs,reggae_roots,0.0274,0.849,229133,0.36,0.00745,7,0.084,-11.658,1,0.234,146.411,4,0.846
Dub Glory,Sly & Robbie,reggae_roots,0.0155,0.762,196800,0.244,0.843,7,0.0965,-15.442,1,0.104,79.962,4,0.765
I Won't Give In,Clinton Fearon,reggae_roots,0.0244,0.84,248733,0.498,1.85e-06,11,0.0492,-6.602,1,0.185,82.946,4,0.718
Teach Me Right,KIDDUS I,reggae_roots,0.11,0.927,221131,0.417,1.9e-05,6,0.0908,-9.393,0,0.107,138.054,4,0.906
Hieroglyphics,Midnite,reggae_roots,0.127,0.937,451440,0.275,2.28e-05,3,0.06,-14.278,1,0.13,111.14,4,0.875
Jah In Dub,Sly & Robbie,reggae_roots,0.0156,0.779,212107,0.274,0.881,4,0.0522,-16.647,1,0.076,149.451,4,0.883
Credited,Midnite,reggae_roots,0.0348,0.705,292760,0.647,0.0,11,0.107,-6.713,0,0.312,123.89,4,0.72
Due Reward,Midnite,reggae_roots,0.0108,0.787,396547,0.466,0.00495,1,0.075,-15.998,1,0.196,80.711,4,0.929
My Only Lover,Gregory Isaacs,reggae_roots,0.614,0.836,209440,0.282,8.74e-05,2,0.116,-12.929,0,0.284,135.658,4,0.888
Smoke the Weed (feat. Collie Buddz),Snoop Lion,reggae_roots,0.016,0.645,208960,0.821,1.21e-05,1,0.156,-4.03,1,0.153,171.974,4,0.661
Positive Vibration,Bob Marley & The Wailers,reggae_roots,0.0244,0.919,213893,0.35,0.00379,11,0.0821,-12.028,0,0.0591,131.865,4,0.48
Three Little Birds,Bob Marley & The Wailers,reggae_roots,0.0102,0.807,180267,0.487,1.98e-06,9,0.0501,-10.456,1,0.0758,148.491,4,0.651
One Love / People Get Ready,Bob Marley & The Wailers,reggae_roots,0.0912,0.719,172933,0.515,0.0,10,0.0791,-9.72,1,0.348,76.518,4,0.927
Man No Sober,Steel Pulse,reggae_roots,0.0978,0.818,268667,0.613,0.000361,11,0.0762,-6.727,0,0.0629,153.391,4,0.97
Industrial Execution,The Devastators,reggae_roots,0.376,0.783,268133,0.622,0.00189,8,0.117,-7.628,0,0.0431,141.934,4,0.954
Redemption Song,Bob Marley & The Wailers,reggae_roots,0.585,0.666,227840,0.259,0.0,0,0.079,-10.721,1,0.04,116.082,4,0.698
Babylon System,Bob Marley & The Wailers,reggae_roots,0.114,0.77,261840,0.429,0.0,0,0.0619,-11.919,1,0.113,91.386,4,0.749
"Roots, Rock, Reggae",Bob Marley & The Wailers,reggae_roots,0.104,0.822,217480,0.479,1.21e-05,11,0.0497,-10.579,0,0.149,139.304,4,0.801
Lively Up Yourself,Bob Marley & The Wailers,reggae_roots,0.601,0.858,174614,0.569,5.55e-05,7,0.131,-11.462,1,0.0549,128.035,4,0.963
Soul Rebel,Bob Marley & The Wailers,reggae_roots,0.63,0.373,226348,0.461,1.71e-06,10,0.276,-10.148,1,0.0528,77.878,4,0.403
Sun Is Shining,Bob Marley & The Wailers,reggae_roots,0.0123,0.776,275148,0.489,0.000204,3,0.0601,-12.769,0,0.0703,129.188,4,0.664
Stir It Up,Bob Marley & The Wailers,reggae_roots,0.524,0.76,333610,0.393,0.223,9,0.0447,-14.201,1,0.132,147.376,4,0.93
How Many Times,Bob Marley & The Wailers,reggae_roots,0.39,0.579,143732,0.402,0.0,10,0.123,-10.262,0,0.0547,142.122,4,0.746
Kinky Reggae,Bob Marley & The Wailers,reggae_roots,0.103,0.805,218749,0.459,3.68e-05,5,0.152,-12.35,1,0.473,137.65,4,0.645
No Guns Allowed (feat. Drake & Cori B.),Snoop Lion,reggae_roots,0.158,0.683,211827,0.606,0.0,1,0.11,-7.057,1,0.0476,131.926,4,0.369
Rebel Way,Snoop Lion,reggae_roots,0.0077,0.521,284333,0.687,5.41e-06,6,0.34,-6.173,0,0.0445,143.981,4,0.248
Lighters Up (feat. Mavado & Popcaan),Snoop Lion,reggae_roots,0.00649,0.603,226720,0.805,0.0,4,0.186,-5.067,0,0.26,147.908,4,0.61
Liberation Call,Groundation,reggae_roots,0.142,0.622,235013,0.633,2.61e-05,10,0.171,-6.79,0,0.323,176.064,4,0.7
The Dreamer,Groundation,reggae_roots,0.0188,0.824,240013,0.575,0.000681,8,0.0926,-8.402,1,0.159,134.174,4,0.733
Silver Tongue Show,Groundation,reggae_roots,0.0945,0.8,368747,0.395,9.84e-05,0,0.152,-9.453,1,0.0749,119.31,4,0.702
Undivided (ft. Don Carlos & The Congos),Groundation,reggae_roots,0.0815,0.781,352293,0.614,2.09e-06,8,0.0633,-9.453,0,0.0732,96.647,4,0.872
Head Strong,Groundation,reggae_roots,0.0202,0.858,323640,0.439,0.0,9,0.107,-10.068,0,0.339,138.098,4,0.722
Weak Heart,Groundation,reggae_roots,0.0828,0.771,316907,0.526,1.34e-06,10,0.0661,-8.951,0,0.24,131.218,4,0.666
Riddim Hold Dem,Groundation,reggae_roots,0.0193,0.836,380347,0.567,4.58e-05,10,0.374,-9.013,0,0.152,144.022,4,0.724
Born Again,Groundation,reggae_roots,0.00649,0.828,390827,0.567,1.65e-05,1,0.0589,-7.943,0,0.0647,132.083,4,0.591
Walk Upright,Groundation,reggae_roots,0.0814,0.756,288720,0.463,0.754,8,0.151,-11.907,0,0.0845,92.365,4,0.144
Young Girl,Don Carlos,reggae_roots,0.289,0.839,205800,0.333,0.0,11,0.0478,-14.129,0,0.232,145.018,4,0.791
Harvest Time,Don Carlos,reggae_roots,0.349,0.784,222000,0.468,0.0,8,0.108,-10.235,1,0.254,147.951,4,0.931
Mr. Sun,Niney The Observer,reggae_roots,0.0754,0.746,250960,0.44,2.36e-06,4,0.0754,-11.985,0,0.0464,151.914,4,0.597
Time,Don Carlos,reggae_roots,0.0219,0.769,243280,0.304,0.0,1,0.0503,-8.988,0,0.149,155.439,4,0.683
I'm Not Crazy,Don Carlos,reggae_roots,0.0836,0.781,201333,0.459,0.000193,10,0.0613,-9.082,0,0.0641,79.238,4,0.502
Tribulation,Don Carlos,reggae_roots,0.0144,0.796,205440,0.458,0.000618,4,0.114,-13.474,0,0.107,136.994,4,0.61
I Love Jah,Don Carlos,reggae_roots,0.173,0.718,238267,0.469,1.14e-05,6,0.0321,-12.411,0,0.0961,149.508,4,0.818
Sweet Africa,Don Carlos,reggae_roots,0.0659,0.743,221213,0.417,0.776,0,0.0824,-12.104,1,0.109,144.219,4,0.713
Conscious Rasta Dub,Don Carlos,reggae_roots,0.0632,0.671,174733,0.495,0.448,7,0.114,-10.283,1,0.206,142.979,4,0.344
Tribulation Dub,Don Carlos,reggae_roots,0.00139,0.691,191307,0.337,0.15,0,0.279,-15.419,1,0.0379,133.638,4,0.646
The Fugitive,Gregory Isaacs,reggae_roots,0.297,0.806,207227,0.393,0.0534,9,0.127,-13.787,0,0.107,73.092,4,0.862
Hush Darling,Gregory Isaacs,reggae_roots,0.829,0.808,190360,0.436,0.018,7,0.1,-11.591,0,0.381,78.507,4,0.965
Oh What A Feeling,Gregory Isaacs,reggae_roots,0.236,0.876,222133,0.463,0.221,7,0.11,-10.219,1,0.14,145.775,4,0.934
Propaganda,Midnite,reggae_roots,0.0015,0.85,320960,0.357,6.36e-06,10,0.086,-16.044,0,0.342,109.616,4,0.602
Beat Them Jah-Jah,The Twinkle Brothers,reggae_roots,0.134,0.907,199373,0.305,0.000556,8,0.0544,-15.022,0,0.223,129.72,4,0.62
Natty Watching You,Midnite,reggae_roots,0.0758,0.865,420293,0.222,0.0,0,0.0577,-15.274,1,0.2,105.203,4,0.644
Rememberance,Mutabaruka,reggae_roots,0.103,0.85,239973,0.425,0.0,0,0.6,-14.689,1,0.467,79.824,4,0.656
The Slayer,Pablo Moses,reggae_roots,0.145,0.848,223469,0.508,0.192,7,0.0785,-8.164,0,0.156,135.19,4,0.837
Promise Land,Alborosie,reggae_roots,0.271,0.836,230907,0.46,0.000922,0,0.103,-7.104,1,0.104,136.081,4,0.629
Moonlight,Tribal Seeds,reggae_roots,0.161,0.756,341280,0.539,2.78e-05,0,0.373,-8.017,1,0.0672,134.956,4,0.741
I Rusalem,Alborosie,reggae_roots,0.0283,0.8,238653,0.671,0.0,7,0.0909,-5.135,0,0.149,130.318,4,0.722
Jamaica,Alborosie,reggae_roots,0.583,0.522,210210,0.423,2.53e-06,11,0.07,-8.501,0,0.044,133.083,4,0.324
Freedom Taking Over (ft. Don Carlos & The Congos),Groundation,reggae_roots,0.0477,0.77,362480,0.639,1.71e-05,6,0.0959,-9.402,0,0.188,144.343,4,0.764
Turn To Jah,Jah Works,reggae_roots,0.0073,0.748,305827,0.676,0.788,10,0.128,-8.84,1,0.0749,141.579,4,0.899
Tenement Dub - Albaroot meet Jah Works,Various Artists,reggae_roots,0.0277,0.865,220578,0.384,0.0777,2,0.0452,-7.7,1,0.0989,134.961,4,0.599
Up to No Good,The Devastators,reggae_roots,0.465,0.856,260613,0.633,0.0162,1,0.248,-8.38,1,0.0476,145.48,4,0.961
New Dub,The Devastators,reggae_roots,0.00325,0.775,236973,0.561,0.381,4,0.245,-7.062,0,0.0511,138.657,4,0.879
Roots Will Find My Way,Clear Conscience,reggae_roots,0.0517,0.769,180627,0.837,0.00898,1,0.0894,-4.443,1,0.0847,170.112,4,0.701
Indigo Tides,Tuff Lion,reggae_roots,0.0221,0.833,227053,0.762,0.908,10,0.1,-7.854,0,0.0368,125.451,4,0.944
Love Is All,Tuff Lion,reggae_roots,0.086,0.89,215360,0.609,0.842,2,0.112,-6.933,0,0.0609,92.009,4,0.891
Night Nurse,Gregory Isaacs,reggae_roots,0.0513,0.842,249533,0.361,0.0245,7,0.0387,-11.15,1,0.188,73.899,4,0.886
Jah Rastafari - 2001 Digital Remaster,Culture,reggae_roots,0.205,0.756,219133,0.546,0.0,9,0.329,-9.359,1,0.161,75.354,4,0.949
Fighting Against Conviction,Bunny Wailer,reggae_roots,0.313,0.724,310800,0.393,0.0362,1,0.0484,-12.809,0,0.27,150.067,4,0.787
Rastaman,Bunny Wailer,reggae_roots,0.348,0.803,230867,0.423,0.0396,4,0.0697,-15.123,0,0.0919,136.814,4,0.893
Dream Land,Bunny Wailer,reggae_roots,0.359,0.766,165893,0.49,0.0085,6,0.046,-13.04,1,0.3,72.846,4,0.959
Mellow Mood,Bunny Wailer,reggae_roots,0.0367,0.742,231733,0.568,0.0715,0,0.0511,-12.667,1,0.156,80.946,4,0.678
Red Rose,Harrison Stafford,reggae_roots,0.0259,0.778,429653,0.52,0.441,0,0.155,-8.45,1,0.0601,81.475,4,0.506
Hebron,Groundation,reggae_roots,0.0156,0.721,309120,0.451,0.00477,7,0.151,-10.015,0,0.0457,103.264,3,0.559
Young Tree,Groundation,reggae_roots,0.00708,0.837,355933,0.399,1.14e-06,6,0.0887,-11.232,0,0.0694,127.057,4,0.585
Ganja Smuggling,Eek-A-Mouse,reggae_roots,0.107,0.796,229533,0.449,8.53e-06,5,0.0636,-7.92,0,0.0871,71.707,4,0.501
Collin' I,Harrison Stafford,reggae_roots,0.0174,0.744,483373,0.513,0.00438,5,0.0795,-8.887,0,0.0924,88.038,4,0.728
Move Out of Babylon,Matthew McAnuff,reggae_roots,0.0947,0.796,227960,0.61,0.0,11,0.0663,-7.862,0,0.073,140.528,4,0.716
Weeping Pirates,Groundation,reggae_roots,0.0511,0.736,403520,0.606,0.53,8,0.104,-9.769,0,0.0695,96.274,4,0.624
The Dragon,Groundation,reggae_roots,0.00557,0.726,402933,0.534,0.845,8,0.0922,-10.8,0,0.0597,96.263,4,0.593
Jah Wise (feat. Lee Scratch Perry & Sangie),Dub Syndicate,reggae_roots,0.000352,0.77,255965,0.501,0.00625,6,0.117,-8.66,1,0.0673,140.843,4,0.698
Burnin' And Lootin',Bob Marley & The Wailers,reggae_roots,0.0549,0.78,292840,0.607,1.45e-05,4,0.193,-6.761,0,0.162,135.891,4,0.573
Natty Dread,Bob Marley & The Wailers,reggae_roots,0.424,0.773,215667,0.439,0.000126,9,0.0464,-9.778,1,0.327,88.364,4,0.847
Murderer,Barrington Levy,reggae_roots,0.0845,0.865,233300,0.549,0.158,0,0.081,-10.083,1,0.244,142.8,4,0.617
Africa Unite,Bob Marley & The Wailers,reggae_roots,0.177,0.907,175627,0.428,0.00204,11,0.0765,-10.13,0,0.112,127.578,4,0.761
My Thoughts,The Gladiators,reggae_roots,0.0395,0.909,230946,0.612,6.59e-06,10,0.099,-8.511,1,0.0514,137.262,4,0.966
We a De Raste,Israel Vibration,reggae_roots,0.0228,0.874,241348,0.457,0.000258,11,0.104,-10.844,0,0.274,138.105,4,0.641
Set Me Free,Horace Andy,reggae_roots,0.00682,0.897,226093,0.463,1.44e-06,9,0.035,-10.148,0,0.156,131.094,4,0.575
Utterance,Black Uhuru,reggae_roots,0.178,0.805,223720,0.527,0.00261,7,0.0435,-8.37,1,0.105,151.687,4,0.858
Look Is Deceiving,The Gladiators,reggae_roots,0.116,0.727,221213,0.697,0.0112,4,0.394,-7.373,0,0.0428,81.424,4,0.439
Jah Garden,The Gladiators,reggae_roots,0.237,0.824,273387,0.361,0.0182,5,0.116,-10.222,1,0.0783,79.153,4,0.961
Tell Them,Eek-A-Mouse,reggae_roots,0.0744,0.9,213160,0.52,3.42e-06,0,0.152,-9.005,0,0.0544,131.716,4,0.946
Rock To Sleep,Horace Andy,reggae_roots,0.193,0.886,183400,0.403,1.99e-06,4,0.228,-9.995,0,0.222,133.398,4,0.597
Sinsemilla,Black Uhuru,reggae_roots,0.0178,0.842,311293,0.562,0.0263,4,0.0798,-10.911,0,0.0995,131.288,4,0.725
"Do You Remember - 12"" Mix",Eek-A-Mouse,reggae_roots,0.0653,0.828,416533,0.409,0.409,4,0.112,-7.763,0,0.056,128.149,4,0.684
Poor Millionaire,Gregory Isaacs,reggae_roots,0.0165,0.918,167867,0.464,0.0262,9,0.0861,-7.204,0,0.0965,135.215,4,0.88
Dreadful Dread,Misty In Roots,reggae_roots,0.33,0.661,321587,0.699,0.000129,2,0.118,-7.376,1,0.0444,149.835,4,0.897
Sensee Party,Eek-A-Mouse,reggae_roots,0.243,0.838,192107,0.587,0.0,6,0.0965,-12.586,1,0.189,149.936,4,0.835
Objection Overruled,Gregory Isaacs,reggae_roots,0.0479,0.936,231276,0.591,0.00148,7,0.0799,-5.644,1,0.0692,130.14,4,0.958
New Wave,Israel Vibration,reggae_roots,0.0478,0.834,306829,0.452,2.54e-05,1,0.29,-11.713,0,0.0649,147.761,4,0.964
If You Don't Love Jah - Remastered 2001,Althea And Donna,reggae_roots,0.00505,0.884,177667,0.634,2.19e-05,9,0.0524,-9.622,0,0.0549,132.712,4,0.918
Long Time Ago,Eek-A-Mouse,reggae_roots,0.0144,0.835,205467,0.628,0.0,2,0.0497,-7.946,1,0.0783,73.293,4,0.931
Burning James,10 Ft. Ganja Plant,reggae_roots,0.0122,0.889,191613,0.548,0.491,11,0.111,-6.791,1,0.102,133.938,4,0.973
"Wa-Do-Dem - 12"" Mix",Eek-A-Mouse,reggae_roots,0.378,0.855,235373,0.602,0.0,0,0.167,-7.289,1,0.0595,77.514,4,0.809
"Noah's Ark - 12"" Mix",Eek-A-Mouse,reggae_roots,0.297,0.711,204067,0.483,0.0,11,0.243,-6.986,0,0.0571,135.449,4,0.591
Concrete Jungle,Bob Marley & The Wailers,reggae_roots,0.0561,0.801,252667,0.565,0.000291,11,0.12,-6.894,0,0.137,96.635,4,0.723
Exodus,Bob Marley & The Wailers,reggae_roots,0.0296,0.869,460227,0.735,0.00339,7,0.163,-8.501,1,0.0552,132.821,4,0.944
Roots,Bob Marley & The Wailers,reggae_roots,0.117,0.919,223467,0.48,0.00697,6,0.0632,-11.509,0,0.247,130.179,4,0.843
Am-A-Do,Bob Marley & The Wailers,reggae_roots,0.414,0.786,186547,0.437,2.09e-06,0,0.0808,-9.214,1,0.0698,139.433,4,0.879
Chant Down Babylon,Bob Marley & The Wailers,reggae_roots,0.25,0.718,156760,0.459,0.0,5,0.0496,-9.134,1,0.101,142.243,4,0.862
Blackman Redemption,Bob Marley & The Wailers,reggae_roots,0.421,0.903,213533,0.408,0.00248,0,0.0545,-9.425,1,0.19,125.815,4,0.736
Real Situation,Bob Marley & The Wailers,reggae_roots,0.00307,0.892,188314,0.397,0.00118,7,0.0736,-9.888,1,0.26,131.602,4,0.748
We And Dem,Bob Marley & The Wailers,reggae_roots,0.197,0.752,194573,0.424,0.000141,4,0.0676,-8.665,0,0.0758,145.793,4,0.699
Zion Train,Bob Marley & The Wailers,reggae_roots,0.24,0.918,216640,0.503,4.58e-05,9,0.0677,-7.944,0,0.0368,128.674,4,0.95
