Cancion,Artista,categoria,acousticness,danceability,duration_ms,energy,instrumentalness,key,liveness,loudness,mode,speechiness,tempo,time_signature,valence
Chillax (feat. Ky-Mani Marley),Farruko,reggaeton,0.0724,0.827,197840,0.646,0.0,1,0.247,-4.727,0,0.0766,92.057,4,0.512
Bebe (feat. Anuel AA),Ozuna,reggaeton,0.551,0.739,231602,0.688,0.00118,9,0.101,-10.246,1,0.157,169.829,4,0.582
Borro Cassette,Maluma,reggaeton,0.132,0.73,207307,0.701,0.0,5,0.151,-5.885,0,0.106,175.95,4,0.785
Ella Y Yo - Featuring Don Omar,Aventura,reggaeton,0.534,0.732,267787,0.708,0.0,9,0.237,-7.905,0,0.262,175.924,4,0.717
Atrévete-Te-Te,Calle 13,reggaeton,0.0959,0.829,239307,0.878,0.0,9,0.776,-5.951,1,0.101,87.991,4,0.883
Dile,Don Omar,reggaeton,0.184,0.817,204600,0.714,0.000132,4,0.042,-7.501,0,0.141,94.001,4,0.714
6 AM,J Balvin,reggaeton,0.152,0.746,243227,0.746,0.0,5,0.274,-5.046,0,0.102,175.965,4,0.733
Ginza,J Balvin,reggaeton,0.218,0.784,170186,0.814,0.000436,10,0.0781,-6.475,0,0.0806,102.052,4,0.835
Ay Vamos,J Balvin,reggaeton,0.157,0.718,226413,0.711,5.54e-05,8,0.1,-5.746,0,0.11,173.916,4,0.92
La Gozadera,Gente De Zona,reggaeton,0.178,0.617,203050,0.989,0.0,9,0.238,-1.727,0,0.0494,95.028,4,0.893
"Sexo, Sudor Y Calor (feat. Nejo Y Dalmata)",J Alvarez,reggaeton,0.191,0.744,250227,0.892,0.0,0,0.0998,-4.709,1,0.0509,167.938,4,0.958
Criminal,NATTI NATASHA,reggaeton,0.0347,0.816,232550,0.806,9.01e-05,2,0.255,-3.023,0,0.0563,79.987,4,0.822
Bella - Remix,Wolfine,reggaeton,0.304,0.917,218360,0.476,0.0,3,0.103,-6.621,1,0.0655,93.987,4,0.87
To My Love - Tainy Remix,Bomba Estéreo,reggaeton,0.129,0.764,251773,0.59,0.00847,7,0.0851,-4.292,1,0.0395,99.996,4,0.281
SUTRA,Sebastian Yatra,reggaeton,0.0471,0.747,203853,0.732,0.0,9,0.159,-3.24,1,0.145,180.112,4,0.887
EL BAÑO,Enrique Iglesias,reggaeton,0.259,0.71,214520,0.888,0.0,6,0.0969,-3.036,0,0.0382,90.009,4,0.626
Déjala Que Vuelva (feat. Manuel Turizo),Piso 21,reggaeton,0.0482,0.681,220117,0.788,0.0,1,0.0753,-4.323,1,0.0785,170.019,4,0.839
Hey DJ,CNCO,reggaeton,0.0309,0.792,205520,0.819,0.0,5,0.389,-5.418,1,0.0867,89.98,4,0.433
Traicionera - Remix,Sebastian Yatra,reggaeton,0.0293,0.766,208720,0.747,0.0,1,0.38,-3.95,0,0.0619,91.06,4,0.856
Hay Mi Dios,El Chacal,reggaeton,0.138,0.771,255243,0.811,0.0,0,0.239,-3.687,0,0.0697,92.008,4,0.819
Otra vez (feat. J Balvin),Zion & Lennox,reggaeton,0.0559,0.832,209453,0.772,0.000486,10,0.44,-5.429,1,0.1,96.016,4,0.704
La Bicicleta,Carlos Vives,reggaeton,0.206,0.746,227457,0.961,1.84e-06,0,0.329,-2.243,1,0.13,179.984,4,0.951
Gozando en la Habana,David Calzado y su Charanga Habanera,reggaeton,0.415,0.797,314667,0.867,0.0,0,0.311,-5.061,1,0.0625,99.99,4,0.887
Me Llamas (feat. Maluma) - Remix,Piso 21,reggaeton,0.547,0.76,210323,0.838,1.3e-06,7,0.0664,-3.828,0,0.0529,93.05,4,0.745
Felices los 4,Maluma,reggaeton,0.231,0.755,229849,0.789,0.0,5,0.351,-4.502,1,0.146,93.973,4,0.737
Me Rehúso,Danny Ocean,reggaeton,0.0231,0.744,205715,0.804,0.0,1,0.0494,-6.327,1,0.0677,104.823,4,0.426
Ambiente,J Balvin,reggaeton,0.135,0.789,249253,0.736,0.0,2,0.681,-6.279,0,0.0898,81.016,4,0.782
Báilame - Remix,Nacho,reggaeton,0.248,0.791,217080,0.866,5.29e-06,6,0.0696,-4.236,1,0.0497,96.011,4,0.71
Si Tú La Ves (feat. Wisin),Nicky Jam,reggaeton,0.204,0.685,221027,0.731,0.0,5,0.0722,-5.119,0,0.093,177.912,4,0.786
Taboo,Don Omar,reggaeton,0.0449,0.43,292160,0.886,0.0,0,0.0879,-5.811,1,0.0828,187.38,3,0.808
Choka Choka (feat. Ozuna),Chayanne,reggaeton,0.0122,0.703,223416,0.763,3.82e-05,6,0.0935,-5.038,0,0.0883,173.957,4,0.622
X,Nicky Jam,reggaeton,0.0364,0.595,173628,0.773,0.00108,9,0.334,-4.736,0,0.0549,180.073,4,0.711
Dembow,Danny Ocean,reggaeton,0.0807,0.802,215083,0.744,0.0,6,0.0917,-5.968,1,0.078,99.983,4,0.45
La player (Bandolera),Zion & Lennox,reggaeton,0.16,0.769,249609,0.838,0.0,2,0.0935,-5.238,1,0.0633,93.996,4,0.602
Pendiente de Usted,Justin Quiles,reggaeton,0.118,0.793,184559,0.659,0.0,0,0.0909,-5.539,0,0.266,171.895,4,0.83
Fanática Sensual,Plan B,reggaeton,0.108,0.791,241133,0.847,0.0,1,0.0898,-3.657,1,0.0492,163.974,4,0.902
No Es Justo,J Balvin,reggaeton,0.151,0.801,251267,0.812,0.000364,7,0.152,-4.47,1,0.0587,87.971,4,0.699
Me Niego (feat. Ozuna & Wisin),Reik,reggaeton,0.0543,0.777,221653,0.779,0.0,0,0.636,-4.449,0,0.0972,94.023,4,0.768
Clandestino,Shakira,reggaeton,0.39,0.766,231921,0.822,3.37e-05,1,0.349,-4.126,0,0.16,165.842,4,0.881
Una Vaina Loca (feat. El Potro),Fuego,reggaeton,0.123,0.793,261987,0.674,0.0,1,0.0949,-12.821,1,0.0524,117.05,4,0.726
Encantadora,Yandel,reggaeton,0.147,0.662,240093,0.874,0.0,8,0.141,-4.509,1,0.0471,169.943,4,0.926
No Me Acuerdo,Thalia,reggaeton,0.187,0.836,217653,0.799,0.0,7,0.092,-4.247,0,0.0873,94.033,4,0.772
Una Lady Como Tú,Manuel Turizo,reggaeton,0.549,0.788,213027,0.477,0.0,4,0.349,-7.348,1,0.0434,94.983,4,0.86
Maldade$,Cazzu,reggaeton,0.276,0.73,195016,0.518,1.97e-06,9,0.0618,-8.5,0,0.13,79.969,4,0.635
Tumba La Casa (feat. Alexio),Los De La Nazza,reggaeton,0.0822,0.778,242259,0.696,0.0,1,0.708,-5.764,0,0.151,82.966,4,0.704
Que Va,Alex Sensation,reggaeton,0.148,0.766,238160,0.827,0.0,0,0.0518,-3.332,1,0.0538,91.03,4,0.831
3 A.M.,Jesse & Joy,reggaeton,0.0112,0.702,183573,0.84,0.0,0,0.119,-3.547,1,0.0879,101.99,4,0.624
Suena El Dembow,Joey Montana,reggaeton,0.174,0.695,195813,0.856,0.0,0,0.116,-4.446,1,0.0547,91.911,4,0.728
Ya No Tiene Novio,Sebastian Yatra,reggaeton,0.048,0.632,198933,0.832,0.0,7,0.0705,-1.948,0,0.154,182.184,4,0.784
Amigos Con Derechos,Reik,reggaeton,0.0481,0.686,227476,0.807,0.0,1,0.0652,-3.324,1,0.0613,183.971,4,0.63
Bonita,J Balvin,reggaeton,0.0132,0.775,265747,0.867,0.00684,5,0.278,-1.582,0,0.0414,96.038,4,0.869
Inolvidable - Remix,Farruko,reggaeton,0.143,0.663,279370,0.804,0.00126,8,0.279,-4.102,0,0.0582,172.006,4,0.865
Gyal You A Party Animal - Remix,Charly Black,reggaeton,0.0612,0.729,224320,0.894,0.0,0,0.36,-4.054,1,0.0798,101.053,4,0.757
Ven Bailalo,Angel Y Khriz,reggaeton,0.0466,0.675,252493,0.921,0.00618,4,0.117,-6.083,1,0.0365,97.01,4,0.7
Dile Que Tu Me Quieres,Ozuna,reggaeton,0.0998,0.721,226400,0.687,0.0,1,0.0679,-6.682,1,0.0782,175.914,4,0.825
Passion Whine,Farruko,reggaeton,0.329,0.756,213312,0.69,0.0,10,0.0586,-3.87,0,0.0656,162.005,4,0.783
La Botella,Mach & Daddy,reggaeton,0.193,0.752,179213,0.795,3.93e-05,0,0.0772,-4.438,1,0.0415,118.015,4,0.916
Pobre Diabla,Don Omar,reggaeton,0.217,0.741,255680,0.787,0.0177,5,0.0835,-6.228,1,0.0525,91.993,4,0.771
Sexy Robotica,Don Omar,reggaeton,0.000443,0.741,233987,0.867,5.6e-06,6,0.449,-5.138,1,0.0334,112.011,4,0.561
El Amante,Nicky Jam,reggaeton,0.243,0.683,219507,0.691,0.0,8,0.14,-5.535,1,0.0432,179.91,4,0.732
Virtual Diva,Don Omar,reggaeton,0.212,0.785,239493,0.881,0.0,8,0.753,-4.205,0,0.0505,113.999,4,0.729
Te Boté - Remix,Nio Garcia,reggaeton,0.542,0.903,417920,0.675,1.28e-05,11,0.0595,-3.445,0,0.214,96.507,4,0.442
El Perdedor,Maluma,reggaeton,0.425,0.702,206693,0.73,1.25e-06,0,0.148,-5.173,0,0.099,173.967,4,0.879
Sin Contrato,Maluma,reggaeton,0.111,0.748,221053,0.866,0.0,11,0.0727,-3.41,0,0.057,96.037,4,0.839
El Perdón (with Enrique Iglesias),Nicky Jam,reggaeton,0.443,0.628,205907,0.69,0.0,8,0.113,-5.83,1,0.0511,179.908,4,0.66
Quiero Repetir,Ozuna,reggaeton,0.103,0.608,200987,0.753,0.0,0,0.0996,-4.748,0,0.368,97.626,4,0.482
Échame La Culpa,Luis Fonsi,reggaeton,0.0322,0.724,173720,0.895,0.0,7,0.097,-3.617,1,0.0411,96.022,4,0.64
Desde Esa Noche (feat. Maluma),Thalia,reggaeton,0.171,0.78,227693,0.929,0.0,11,0.0677,-0.739,0,0.0532,95.012,4,0.837
Baby Girl (feat. Lalo Ebratt),Mario Bautista,reggaeton,0.0275,0.804,218470,0.705,0.000138,1,0.202,-5.272,1,0.199,103.009,4,0.45
Por Perro,Sebastian Yatra,reggaeton,0.419,0.685,245360,0.762,0.0,0,0.0759,-5.147,1,0.0565,172.017,4,0.905
Ni Gucci Ni Prada - Remix,Kenny Man,reggaeton,0.245,0.81,212693,0.756,0.0,2,0.358,-6.07,1,0.0969,105.005,4,0.919
Baila Baila Baila,Ozuna,reggaeton,0.0361,0.816,158400,0.754,0.0,11,0.217,-2.75,0,0.111,99.966,4,0.533
Con Calma,Daddy Yankee,reggaeton,0.11,0.737,193227,0.86,1.94e-06,8,0.0574,-2.652,0,0.0593,93.989,4,0.656
Yo Te Lo Dije,J Balvin,reggaeton,0.0841,0.746,220853,0.617,0.0,3,0.21,-5.811,0,0.0734,87.944,4,0.961
Tra Tra Tra,Ghetto Kids,reggaeton,0.034,0.813,187500,0.697,0.0581,1,0.101,-4.701,1,0.167,79.989,4,0.842
Ella Quiere Beber - Remix,Anuel AA,reggaeton,0.265,0.75,219357,0.665,0.0,8,0.0515,-3.083,1,0.124,95.239,4,0.697
Vacaciones,Wisin,reggaeton,0.246,0.777,238813,0.911,0.0,6,0.257,-3.223,0,0.173,96.017,4,0.704
Adrenalina (feat. Jennifer Lopez & Ricky Martin),Wisin,reggaeton,0.0856,0.685,235547,0.944,0.0,5,0.0927,-2.793,1,0.145,124.987,4,0.757
Vente Pa' Ca (feat. Maluma),Ricky Martin,reggaeton,0.00431,0.663,259196,0.92,1.69e-05,11,0.101,-4.07,0,0.226,99.935,4,0.533
Dura,Daddy Yankee,reggaeton,0.174,0.786,200480,0.846,0.0,1,0.413,-3.468,1,0.0505,95.005,4,0.819
Timber (feat. Ke$ha),Pitbull,reggaeton,0.0295,0.581,204160,0.963,0.0,11,0.139,-4.087,1,0.0981,129.992,4,0.788
Síguelo Bailando,Ozuna,reggaeton,0.165,0.855,226800,0.664,3.97e-05,9,0.0937,-7.11,0,0.0607,98.015,4,0.626
Baby,Amenazzy,reggaeton,0.327,0.7,235973,0.71,0.0,11,0.129,-4.835,1,0.0532,167.971,4,0.582
Duele,Reik,reggaeton,0.0356,0.684,238360,0.842,0.0,7,0.204,-4.54,0,0.201,174.051,4,0.483
Aullando,Wisin & Yandel,reggaeton,0.184,0.8,226200,0.74,0.0,10,0.0558,-4.52,0,0.0479,90.035,4,0.775
Que Mas Pues - Remix,Sech,reggaeton,0.121,0.647,305962,0.661,2.27e-06,11,0.12,-5.027,1,0.2,113.358,5,0.811
Pa Olvidarte (feat. Manuel Turizo) - Remix,ChocQuibTown,reggaeton,0.0441,0.724,256418,0.791,6.55e-06,7,0.239,-5.411,1,0.169,176.011,4,0.856
Secreto,Anuel AA,reggaeton,0.602,0.807,258800,0.803,0.00853,11,0.136,-4.156,1,0.126,91.987,4,0.706
El Chisme,Reykon,reggaeton,0.119,0.723,177799,0.929,0.0,9,0.171,-3.022,0,0.106,92.964,4,0.812
Latina (feat. Maluma),Reykon,reggaeton,0.0748,0.826,226739,0.713,0.0,9,0.331,-4.017,0,0.129,102.071,4,0.75
Runaway,Sebastian Yatra,reggaeton,0.0336,0.756,200693,0.851,0.0,2,0.126,-3.33,1,0.0674,75.014,4,0.934
Te Robaré,Nicky Jam,reggaeton,0.241,0.673,201818,0.752,4.51e-05,2,0.0813,-3.572,0,0.0561,175.997,4,0.797
Otro Trago,Sech,reggaeton,0.136,0.746,225933,0.7,0.000159,0,0.11,-4.669,1,0.341,176.044,4,0.619
Olha a Explosão,MC Kevinho,reggaeton,0.109,0.774,161593,0.611,0.0,6,0.0805,-2.883,1,0.134,89.995,4,0.388
Soltera - Remix,Lunay,reggaeton,0.361,0.795,266087,0.783,0.0,5,0.437,-4.271,1,0.0432,92.01,4,0.799
Contra La Pared,Sean Paul,reggaeton,0.0156,0.828,224681,0.588,0.0,2,0.124,-7.14,1,0.118,94.052,4,0.598
LA CANCIÓN,J Balvin,reggaeton,0.152,0.754,242573,0.646,1.85e-05,7,0.108,-5.795,1,0.317,176.089,4,0.429
Callaita,Bad Bunny,reggaeton,0.6,0.61,250534,0.624,2.12e-06,2,0.243,-4.773,1,0.309,176.169,4,0.244
No Me Conoce - Remix,Jhayco,reggaeton,0.145,0.806,309120,0.786,0.0,10,0.0935,-3.831,0,0.0741,91.973,4,0.58
11 PM,Maluma,reggaeton,0.217,0.777,175733,0.712,0.0,10,0.091,-4.84,1,0.277,95.692,4,0.68
Soltera (Remix),Lunay,reggaeton,0.327,0.795,266192,0.755,0.0,5,0.464,-4.788,1,0.0454,92.02,4,0.816
QUE PRETENDES,J Balvin,reggaeton,0.0275,0.639,222347,0.791,0.0,10,0.362,-4.443,0,0.253,92.603,4,0.939
Loco Contigo (feat. J. Balvin & Tyga),DJ Snake,reggaeton,0.278,0.694,185195,0.758,1.34e-06,11,0.102,-2.986,1,0.218,192.091,4,0.371
HP,Maluma,reggaeton,0.252,0.837,184436,0.791,1.14e-06,4,0.188,-3.157,0,0.0773,91.98,4,0.618
Adicto (with Anuel AA & Ozuna),Tainy,reggaeton,0.017,0.734,270741,0.836,1.64e-05,10,0.179,-4.803,0,0.0735,80.002,4,0.623
Desconocidos,Mau y Ricky,reggaeton,0.118,0.719,204564,0.753,4.21e-06,7,0.212,-4.891,1,0.179,174.107,4,0.675
Verte Ir,DJ Luian,reggaeton,0.391,0.857,267500,0.647,1.2e-06,11,0.0842,-4.152,0,0.0984,95.982,4,0.553
La Boca,Mau y Ricky,reggaeton,0.0655,0.618,206279,0.795,0.0,2,0.309,-1.8,1,0.113,185.901,4,0.76
Bonita,Juanes,reggaeton,0.255,0.745,147493,0.881,0.0,0,0.25,-2.587,1,0.0506,157.985,4,0.961
No Se Me Quita (feat. Ricky Martin),Maluma,reggaeton,0.146,0.864,219933,0.869,0.0,7,0.063,-2.963,1,0.139,99.988,4,0.853
China,Anuel AA,reggaeton,0.0846,0.786,301714,0.808,0.000289,7,0.0822,-3.702,1,0.0882,105.027,4,0.609
No Me Conoce - Remix,Jhayco,reggaeton,0.144,0.794,307547,0.79,0.0,10,0.0893,-3.855,0,0.0599,91.984,4,0.577
Indeciso,Reik,reggaeton,0.182,0.738,217253,0.748,0.0,0,0.11,-4.902,1,0.0453,94.949,4,0.896
Oye Pablo,Danna Paola,reggaeton,0.0332,0.699,177747,0.65,5.24e-06,5,0.299,-4.281,0,0.171,179.84,4,0.52
RITMO (Bad Boys For Life),Black Eyed Peas,reggaeton,0.0334,0.721,221714,0.716,0.00084,10,0.237,-7.037,0,0.0657,104.994,4,0.667
"DJ No Pare (feat. Zion, Dalex, Lenny Tavárez) - Remix",Justin Quiles,reggaeton,0.0451,0.743,258600,0.709,5.18e-06,3,0.0809,-3.922,0,0.0879,170.001,4,0.831
No digas nada,Mario Bautista,reggaeton,0.273,0.549,193241,0.621,0.000321,11,0.0792,-6.567,0,0.0601,89.985,4,0.586
No Te Debí Besar,C. Tangana,reggaeton,0.125,0.672,182816,0.684,0.0261,9,0.183,-5.682,0,0.316,75.233,3,0.62
Boomshakalaka,Dimitri Vegas & Like Mike,reggaeton,0.0132,0.727,211920,0.824,0.00145,1,0.0631,-2.983,1,0.0508,96.063,4,0.805
Que Tire Pa Lante,Daddy Yankee,reggaeton,0.0478,0.658,210520,0.901,0.0,7,0.12,-2.814,1,0.0357,93.979,4,0.708
Tusa,KAROL G,reggaeton,0.295,0.803,200960,0.715,0.000134,2,0.0574,-3.28,1,0.298,101.085,4,0.574
Mala Fama,Danna Paola,reggaeton,0.186,0.762,182467,0.582,5.28e-06,6,0.0596,-3.884,0,0.0812,175.95,4,0.816
Amanece,Anuel AA,reggaeton,0.437,0.79,190005,0.631,0.0,8,0.158,-5.549,0,0.0425,94.039,4,0.889
Fantasias,Rauw Alejandro,reggaeton,0.143,0.879,199711,0.703,0.0,1,0.0569,-4.219,1,0.0701,94.004,4,0.788
Sigues Con El,Arcángel,reggaeton,0.11,0.883,226533,0.668,0.000529,9,0.0734,-2.957,1,0.113,87.972,4,0.676
Vete,Bad Bunny,reggaeton,0.0363,0.886,192024,0.672,8.78e-06,1,0.101,-4.394,1,0.188,91.976,4,0.526
Muévelo,Nicky Jam,reggaeton,0.415,0.594,194892,0.808,1.39e-05,7,0.565,-2.409,1,0.0489,188.09,4,0.919
Feel Sexy,Rayo Trip,reggaeton,0.272,0.65,184653,0.742,0.000706,0,0.069,-6.261,1,0.291,182.068,4,0.648
Cristina (feat. Shelow Shaq),Maffio,reggaeton,0.183,0.861,186893,0.599,0.0,1,0.0921,-4.205,1,0.246,102.119,4,0.869
Tú Foto,Ozuna,reggaeton,0.164,0.748,193227,0.565,0.00169,7,0.103,-5.895,1,0.0476,175.92,4,0.812
Sigo Extrañándote,J Balvin,reggaeton,0.154,0.896,201280,0.859,0.000115,11,0.212,-4.232,0,0.211,93.016,4,0.938
El Efecto,Rauw Alejandro,reggaeton,0.406,0.849,217143,0.781,0.0,0,0.0801,-4.635,0,0.159,84.041,4,0.893
Rojo,J Balvin,reggaeton,0.15,0.652,150853,0.595,0.000115,11,0.0842,-4.04,1,0.113,172.27,4,0.444
La Difícil,Bad Bunny,reggaeton,0.0861,0.685,163084,0.848,7.14e-06,8,0.0783,-4.561,0,0.0858,179.87,4,0.761
BEBE,6ix9ine,reggaeton,0.172,0.635,217822,0.902,0.0,0,0.125,-3.559,1,0.109,102.063,4,0.286
No Somos Nada,Corina Smith,reggaeton,0.199,0.672,172263,0.664,2.49e-06,6,0.133,-5.017,0,0.14,174.022,4,0.741
Amarillo,J Balvin,reggaeton,0.013,0.641,157733,0.857,0.00534,1,0.0695,-5.725,0,0.301,122.728,5,0.961
Propuesta Indecente,Romeo Santos,reggaeton,0.499,0.757,235133,0.632,0.0,2,0.0723,-6.83,1,0.0549,122.936,4,0.742
Azul,J Balvin,reggaeton,0.0816,0.843,205933,0.836,0.00138,11,0.0532,-2.474,0,0.0695,94.018,4,0.65
La Presión,Lalo Ebratt,reggaeton,0.03,0.843,164819,0.634,0.00703,7,0.352,-5.165,1,0.105,95.029,4,0.778
Frikitona,Plan B,reggaeton,0.316,0.947,183182,0.874,0.0,2,0.372,-3.813,0,0.176,120.063,3,0.835
Que Le De,Rauw Alejandro,reggaeton,0.19,0.77,225600,0.75,0.0,0,0.0618,-2.715,1,0.0785,99.997,4,0.609
Caramelo,Ozuna,reggaeton,0.0531,0.728,217547,0.806,0.000301,6,0.153,-3.766,1,0.0623,168.084,4,0.698
Elegí (feat. Dímelo Flow),Rauw Alejandro,reggaeton,0.237,0.824,197721,0.631,0.000116,0,0.0531,-2.791,1,0.0809,171.965,4,0.678
La Curiosidad,Jay Wheeler,reggaeton,0.269,0.845,219048,0.677,0.000917,11,0.108,-4.798,0,0.136,90.013,4,0.68
Tak Tiki Tak,Harry Nach,reggaeton,0.333,0.801,212406,0.579,0.000355,11,0.172,-4.78,0,0.0813,99.994,4,0.231
Jangueo,Alex Rose,reggaeton,0.238,0.851,259600,0.688,1.93e-05,11,0.105,-4.038,1,0.0565,103.982,4,0.732
"PORFA Remix ( Feat. Maluma, Nicky Jam, Sech) - Remix",Feid,reggaeton,0.0765,0.793,333800,0.737,0.0,6,0.0747,-4.731,0,0.0785,167.969,4,0.697
"Ay, DiOs Mío!",KAROL G,reggaeton,0.512,0.718,189653,0.712,0.00121,11,0.104,-4.366,1,0.174,180.034,4,0.531
Hasta Que Dios Diga,Anuel AA,reggaeton,0.464,0.691,246000,0.765,3.29e-06,8,0.203,-4.727,1,0.111,174.021,4,0.855
Relación,Sech,reggaeton,0.125,0.805,184255,0.562,4.96e-06,7,0.148,-3.117,0,0.105,172.094,4,0.767
Se Te Nota (with Guaynaa),Lele Pons,reggaeton,0.0907,0.905,155825,0.686,0.0,0,0.266,-3.152,1,0.0664,103.013,4,0.963
Jeans,Justin Quiles,reggaeton,0.0165,0.807,185840,0.656,0.0,3,0.0693,-4.395,0,0.105,83.943,4,0.89
Jangueo,Anuel AA,reggaeton,0.396,0.863,231745,0.728,9.14e-06,7,0.0902,-2.954,1,0.0586,93.035,4,0.649
Mi Cuarto,Jerry Di,reggaeton,0.819,0.854,197587,0.525,0.0,1,0.146,-4.426,1,0.214,97.054,4,0.63
Ráptame,Reik,reggaeton,0.0125,0.637,198093,0.721,8.46e-06,0,0.0606,-6.441,1,0.168,184.007,4,0.419
BICHOTA,KAROL G,reggaeton,0.212,0.863,178947,0.666,0.000493,1,0.103,-4.158,0,0.152,163.908,4,0.838
Enchule,Rauw Alejandro,reggaeton,0.153,0.763,185719,0.666,0.0,7,0.301,-3.316,1,0.194,90.086,4,0.587
DÁKITI,Bad Bunny,reggaeton,0.401,0.731,205090,0.573,5.22e-05,4,0.113,-10.059,0,0.0544,109.928,4,0.145
Reloj,Rauw Alejandro,reggaeton,0.176,0.823,231595,0.537,3.98e-06,8,0.123,-2.639,1,0.209,175.946,4,0.615
Fabuloso,Sech,reggaeton,0.0846,0.637,200495,0.785,0.000239,6,0.0392,-2.612,1,0.166,87.4,4,0.74
Abu Dhabi,KILATE TESLA,reggaeton,0.205,0.806,181283,0.68,0.000164,2,0.0641,-4.366,1,0.0603,94.003,4,0.321
La Nota,Manuel Turizo,reggaeton,0.18,0.736,216107,0.632,0.0,11,0.349,-4.939,0,0.0648,92.03,4,0.503
Baila Conmigo (with Rauw Alejandro),Selena Gomez,reggaeton,0.0221,0.824,186088,0.545,0.00375,5,0.097,-7.127,1,0.0699,149.912,4,0.683
Una Locura,Ozuna,reggaeton,0.139,0.714,230693,0.761,0.00035,5,0.241,-4.596,0,0.0427,168.022,4,0.906
Mi Niña,Wisin,reggaeton,0.31,0.823,213314,0.821,4.28e-06,8,0.143,-3.402,0,0.166,99.999,4,0.791
La Tóxica,Farruko,reggaeton,0.0882,0.659,180520,0.701,0.0,9,0.0866,-4.107,1,0.164,91.97,4,0.623
Bobo,J Balvin,reggaeton,0.115,0.742,209427,0.893,6.67e-05,10,0.125,-2.671,1,0.117,177.879,4,0.777
Una Aventura (feat. Alexis & Fido),Maluma,reggaeton,0.225,0.831,229853,0.73,0.0,6,0.0679,-3.714,1,0.0573,94.009,4,0.492
BEBÉ,Camilo,reggaeton,0.487,0.862,198707,0.72,1.19e-06,4,0.0604,-4.048,1,0.0379,129.972,4,0.965
Un Beso,Aventura,reggaeton,0.586,0.732,263347,0.64,1.81e-05,0,0.104,-9.859,1,0.0378,125.015,4,0.715
Eres Mía,Romeo Santos,reggaeton,0.401,0.843,250640,0.729,1.2e-06,6,0.206,-3.634,0,0.0374,123.046,4,0.903
Tú Me Dejaste De Querer,C. Tangana,reggaeton,0.31,0.812,198500,0.747,0.00412,4,0.1,-4.611,0,0.15,168.025,4,0.488
Escápate Conmigo (feat. Ozuna),Wisin,reggaeton,0.0256,0.744,232787,0.859,6.27e-05,11,0.0881,-3.166,1,0.0795,91.977,4,0.787
IMPOSIBLE - REMIX,Blessd,reggaeton,0.141,0.833,221121,0.66,0.0,9,0.107,-3.985,0,0.1,83.971,4,0.751
Bella y Sensual,Romeo Santos,reggaeton,0.228,0.635,204701,0.713,0.0,11,0.0506,-6.909,1,0.0937,179.864,4,0.749
Una Locura,Ozuna,reggaeton,0.139,0.714,230693,0.761,0.00035,5,0.241,-4.596,0,0.0427,168.022,4,0.906
EL MAKINON,KAROL G,reggaeton,0.256,0.635,209160,0.706,0.0,5,0.108,-3.224,0,0.125,88.863,4,0.443
Fiel,Los Legendarios,reggaeton,0.407,0.849,261667,0.701,0.0,6,0.112,-4.407,0,0.06,98.005,4,0.505
Sola,Anuel AA,reggaeton,0.195,0.673,194691,0.649,0.000781,11,0.0683,-7.198,1,0.238,169.857,4,0.8
TE MUDASTE,Bad Bunny,reggaeton,0.234,0.811,130014,0.637,0.000572,10,0.118,-4.835,0,0.0591,92.025,4,0.471
Hola - Remix,Dalex,reggaeton,0.471,0.655,249520,0.672,0.0,0,0.0767,-5.98,0,0.311,181.877,4,0.343
AM Remix,Nio Garcia,reggaeton,0.114,0.743,261335,0.655,0.0,6,0.0764,-5.015,0,0.159,172.031,4,0.785
Fragancia,Juhn,reggaeton,0.444,0.83,237627,0.77,7.24e-05,5,0.23,-3.364,0,0.1,82.001,4,0.739
Ponle,Rvssian,reggaeton,0.188,0.857,164765,0.772,0.00181,10,0.0851,-4.737,0,0.195,94.03,4,0.589
Pareja Del Año,Sebastian Yatra,reggaeton,0.163,0.715,195053,0.622,0.0,4,0.0948,-5.102,0,0.046,80.015,4,0.808
Chica Ideal,Sebastian Yatra,reggaeton,0.0847,0.574,183240,0.891,0.0,0,0.16,-3.665,0,0.157,100.978,4,0.707
Si Te Veo,Arcángel,reggaeton,0.614,0.812,255607,0.691,1.04e-05,8,0.226,-5.837,0,0.352,168.024,4,0.876
Relación - Remix,Sech,reggaeton,0.0337,0.793,247308,0.771,1.51e-06,5,0.284,-3.417,1,0.0959,171.943,4,0.835
Hawái,Maluma,reggaeton,0.185,0.783,199112,0.727,2.46e-05,6,0.0626,-3.454,0,0.389,180.067,4,0.558
Bandido,Myke Towers,reggaeton,0.122,0.713,232853,0.617,0.0,8,0.0962,-4.637,1,0.0887,168.021,4,0.682
Ahora,J Balvin,reggaeton,0.0873,0.81,254907,0.784,0.000166,3,0.083,-3.223,0,0.0622,88.001,4,0.817
Morado,J Balvin,reggaeton,0.137,0.881,200667,0.696,4.13e-05,11,0.0927,-3.838,0,0.0797,97.002,4,0.781
Cuando Perriabas,Bad Bunny,reggaeton,0.137,0.787,188654,0.705,1.06e-06,0,0.108,-7.582,1,0.0695,81.998,4,0.499
Qué Más Pues?,J Balvin,reggaeton,0.0261,0.891,217773,0.819,0.000354,8,0.173,-3.964,1,0.106,101.968,4,0.768
París,Ingratax,reggaeton,0.441,0.57,151429,0.455,0.000746,1,0.0654,-5.748,0,0.0996,167.933,4,0.399
Sobrio,Maluma,reggaeton,0.138,0.762,201181,0.77,0.0,5,0.15,-2.758,1,0.223,177.998,4,0.631
Pepas,Farruko,reggaeton,0.00776,0.762,287120,0.766,6.98e-05,7,0.128,-3.955,1,0.0343,130.001,4,0.442
2/Catorce,Rauw Alejandro,reggaeton,0.709,0.768,205714,0.56,0.000791,3,0.115,-3.497,1,0.0859,112.084,3,0.372
Downtown,Anitta,reggaeton,0.18,0.775,193456,0.679,7.26e-05,4,0.068,-4.985,0,0.135,166.008,4,0.619
