Cancion,Artista,categoria,acousticness,danceability,duration_ms,energy,instrumentalness,key,liveness,loudness,mode,speechiness,tempo,time_signature,valence
Sweet Child O' Mine,Guns N' Roses,rock_ingles,0.0866,0.454,354520,0.91,0.0996,6,0.116,-7.766,1,0.0448,125.116,4,0.629
Paradise City,Guns N' Roses,rock_ingles,0.0169,0.273,405640,0.952,0.0111,11,0.142,-8.762,1,0.0843,100.271,4,0.472
Welcome To The Jungle,Guns N' Roses,rock_ingles,0.0235,0.447,272027,0.954,0.403,8,0.298,-8.069,1,0.0751,123.453,4,0.331
Whole Lotta Rosie,AC/DC,rock_ingles,0.0014,0.292,333800,0.838,0.479,9,0.0953,-4.459,1,0.078,159.176,4,0.423
Whole Lotta Love - 1990 Remaster,Led Zeppelin,rock_ingles,0.0484,0.412,333893,0.902,0.131,9,0.405,-11.6,1,0.405,89.74,4,0.422
Back In Black,AC/DC,rock_ingles,0.011,0.31,255493,0.7,0.00965,9,0.0828,-5.678,1,0.047,188.386,4,0.763
We Will Rock You - Remastered 2011,Queen,rock_ingles,0.676,0.692,122067,0.497,0.0,2,0.259,-7.316,1,0.119,81.308,4,0.475
Eye of the Tiger,Survivor,rock_ingles,0.216,0.815,243773,0.438,0.000466,0,0.0787,-14.522,0,0.0346,108.965,4,0.552
Barcelona,Freddie Mercury,rock_ingles,0.737,0.176,266587,0.455,0.000524,3,0.0926,-8.6,1,0.0358,170.217,4,0.129
We Are The Champions - Remastered 2011,Queen,rock_ingles,0.378,0.268,179200,0.459,0.0,10,0.118,-6.94,1,0.0346,64.177,4,0.175
Crazy Little Thing Called Love - Remastered 2011,Queen,rock_ingles,0.713,0.599,163373,0.761,4.74e-06,0,0.349,-6.887,1,0.0421,77.015,4,0.712
The Final Countdown,Europe,rock_ingles,0.0628,0.529,310333,0.843,0.000827,6,0.0608,-6.908,0,0.0616,117.662,4,0.188
November Rain,Guns N' Roses,rock_ingles,0.0163,0.294,536067,0.641,0.22,11,0.112,-9.316,1,0.0291,79.759,4,0.226
Stairway to Heaven - Remaster,Led Zeppelin,rock_ingles,0.58,0.338,482830,0.34,0.0032,9,0.116,-12.049,0,0.0339,82.433,4,0.197
Highway to Hell,AC/DC,rock_ingles,0.061,0.574,208400,0.913,0.00158,6,0.156,-4.793,0,0.133,115.728,4,0.423
Master Of Puppets,Metallica,rock_ingles,0.000647,0.543,515387,0.836,0.431,4,0.153,-9.11,0,0.0353,105.173,4,0.56
Black Dog - Remaster,Led Zeppelin,rock_ingles,0.396,0.437,295387,0.864,0.0314,4,0.242,-7.842,0,0.0904,81.394,4,0.749
Money,Pink Floyd,rock_ingles,0.024,0.468,382834,0.536,0.00199,11,0.269,-10.422,0,0.144,126.256,1,0.785
Smoke On The Water - Remastered 2012,Deep Purple,rock_ingles,0.13,0.598,340742,0.676,0.225,0,0.112,-9.211,1,0.0279,114.169,4,0.805
"Another Brick in the Wall, Pt. 2",Pink Floyd,rock_ingles,0.0782,0.693,238747,0.394,0.000694,0,0.247,-15.882,1,0.0428,104.114,4,0.721
Smells Like Teen Spirit,Nirvana,rock_ingles,2.55e-05,0.502,301920,0.912,0.000173,1,0.106,-4.556,1,0.0564,116.761,4,0.72
It's My Life,Bon Jovi,rock_ingles,0.0263,0.551,224493,0.913,1.35e-05,0,0.347,-4.063,0,0.0466,119.992,4,0.544
About A Girl,Nirvana,rock_ingles,1.87e-05,0.409,166640,0.932,1.6e-06,11,0.31,-4.538,0,0.0339,131.761,4,0.591
Come As You Are,Nirvana,rock_ingles,0.00016,0.5,218920,0.824,0.00161,4,0.0916,-5.846,0,0.0388,120.125,4,0.539
Enter Sandman,Metallica,rock_ingles,0.00213,0.577,331267,0.828,0.0114,6,0.0581,-8.691,0,0.0298,123.257,4,0.604
Thunderstruck,AC/DC,rock_ingles,0.000147,0.502,292880,0.89,0.0117,4,0.217,-5.175,1,0.0364,133.52,4,0.259
Hotel California - 2013 Remaster,Eagles,rock_ingles,0.00574,0.579,391376,0.508,0.000494,2,0.0575,-9.484,1,0.027,147.125,4,0.609
Heaven's On Fire,KISS,rock_ingles,0.00376,0.679,201400,0.866,3.1e-05,0,0.312,-6.053,1,0.0635,124.324,4,0.785
Rock And Roll All Nite,KISS,rock_ingles,0.0468,0.654,168840,0.929,0.0,1,0.0539,-5.906,1,0.0998,144.774,4,0.902
Radioactive,Gene Simmons,rock_ingles,0.175,0.524,231040,0.862,1.07e-06,9,0.706,-9.885,1,0.166,127.231,4,0.376
Paranoid,Black Sabbath,rock_ingles,7.85e-05,0.429,168440,0.631,0.00411,4,0.175,-11.514,0,0.0769,162.734,4,0.376
Paint It Black,The Rolling Stones,rock_ingles,0.0569,0.482,202267,0.8,0.00223,11,0.387,-9.278,0,0.0916,158.81,4,0.569
Immigrant Song - Remaster,Led Zeppelin,rock_ingles,0.013,0.564,146250,0.932,0.169,11,0.349,-10.068,1,0.0554,112.937,4,0.619
Wind Of Change,Scorpions,rock_ingles,0.315,0.452,312360,0.524,0.0,0,0.103,-10.108,1,0.0351,151.505,4,0.246
Carrie,Europe,rock_ingles,0.114,0.455,272133,0.487,2.43e-06,7,0.358,-7.112,1,0.0264,136.482,4,0.139
Send Me An Angel,Scorpions,rock_ingles,0.434,0.153,273333,0.417,0.000622,1,0.211,-11.587,1,0.0318,80.87,3,0.166
I Remember You,Skid Row,rock_ingles,0.00642,0.345,313693,0.531,7.28e-06,0,0.14,-12.708,1,0.0305,176.302,4,0.49
Bed Of Roses,Bon Jovi,rock_ingles,0.101,0.309,394400,0.596,0.0,5,0.21,-5.599,1,0.0293,164.587,3,0.161
Cryin',Aerosmith,rock_ingles,0.000202,0.445,308333,0.856,0.0101,9,0.367,-3.674,1,0.0327,105.872,3,0.486
18 and Life,Skid Row,rock_ingles,0.0023,0.466,229960,0.648,1.49e-05,1,0.112,-11.101,0,0.028,90.435,4,0.305
Youth Gone Wild,Skid Row,rock_ingles,0.00202,0.536,198907,0.72,0.000127,7,0.357,-11.277,0,0.0436,117.367,4,0.633
Monkey Business,Skid Row,rock_ingles,0.00102,0.498,258267,0.901,0.000729,6,0.104,-6.724,0,0.0511,96.916,4,0.572
Crazy,Aerosmith,rock_ingles,0.0868,0.37,316693,0.866,0.0,6,0.137,-3.879,0,0.0384,162.086,3,0.427
La Grange - 2005 Remaster,ZZ Top,rock_ingles,0.00249,0.545,230480,0.64,0.0304,4,0.196,-9.937,0,0.224,80.544,4,0.606
Gimme All Your Lovin',ZZ Top,rock_ingles,0.00322,0.63,241080,0.788,0.0237,5,0.0883,-6.7,1,0.0298,120.059,4,0.63
"I Don't Want to Miss a Thing - From the Touchstone film, ""Armageddon""",Aerosmith,rock_ingles,0.172,0.39,299760,0.649,0.0,2,0.216,-5.163,1,0.0345,121.16,4,0.144
Can't Stop Lovin' You,Van Halen,rock_ingles,0.143,0.592,247467,0.898,2.29e-06,9,0.229,-5.194,1,0.0358,118.006,4,0.537
To Be With You - 2010 Remastered Version,Mr. Big,rock_ingles,0.286,0.688,210480,0.375,0.0,4,0.133,-9.601,1,0.0535,83.635,4,0.45
Wild World - 2009 Remastered Version,Mr. Big,rock_ingles,0.182,0.573,208560,0.722,0.0,5,0.29,-6.518,1,0.0295,144.209,4,0.59
When I See You Smile,Bad English,rock_ingles,0.42,0.495,257440,0.609,0.0,7,0.187,-9.902,1,0.0339,135.671,4,0.33
One,Metallica,rock_ingles,0.00111,0.437,447440,0.695,0.0857,7,0.124,-9.447,1,0.0617,102.178,3,0.413
B.Y.O.B.,System Of A Down,rock_ingles,0.00662,0.538,255467,0.981,0.0,1,0.219,-2.688,0,0.14,101.414,4,0.711
Still Loving You,Scorpions,rock_ingles,0.0047,0.282,403453,0.605,0.00144,6,0.103,-4.916,0,0.0294,103.929,4,0.0783
Come Together - Remastered 2009,The Beatles,rock_ingles,0.0302,0.533,259947,0.376,0.248,9,0.0926,-11.913,0,0.0393,165.007,4,0.187
Hey Jude - Remastered 2015,The Beatles,rock_ingles,0.0112,0.386,425653,0.607,1.38e-05,10,0.088,-7.7,1,0.0261,147.207,4,0.532
Yesterday - Remastered 2009,The Beatles,rock_ingles,0.879,0.332,125667,0.179,0.0,5,0.0886,-11.83,1,0.0326,96.529,4,0.315
Jealous Guy - Remastered 2010,John Lennon,rock_ingles,0.877,0.489,257787,0.389,0.32,4,0.105,-11.653,0,0.0284,131.366,4,0.254
Cocaine,Eric Clapton,rock_ingles,0.0607,0.699,221640,0.502,0.0337,9,0.317,-12.526,1,0.0278,105.267,4,0.676
White Room,Cream,rock_ingles,0.191,0.553,298333,0.576,0.00664,0,0.0365,-13.458,1,0.0304,109.827,4,0.457
Strange Brew,Cream,rock_ingles,0.556,0.62,166600,0.398,6.91e-06,2,0.273,-15.676,1,0.0303,106.265,4,0.677
Let It Be - Remastered 2009,The Beatles,rock_ingles,0.631,0.443,243027,0.403,0.0,0,0.111,-8.339,1,0.0322,143.462,4,0.41
Message In A Bottle - Remastered 2003,The Police,rock_ingles,0.0338,0.577,290280,0.808,1.33e-05,1,0.221,-7.04,0,0.039,151.008,4,0.869
Roxanne - Remastered 2003,The Police,rock_ingles,0.0384,0.618,191500,0.748,4.1e-06,0,0.0477,-8.905,1,0.361,134.001,4,0.662
Under the Bridge,Red Hot Chili Peppers,rock_ingles,0.0576,0.559,264307,0.345,0.000105,4,0.141,-13.496,1,0.0459,84.581,4,0.458
Wonderwall - Remastered,Oasis,rock_ingles,0.000452,0.378,258773,0.896,0.0,2,0.194,-4.066,1,0.0407,174.302,4,0.469
Santeria,Sublime,rock_ingles,0.0208,0.67,183160,0.753,2.71e-06,1,0.147,-5.058,0,0.0383,90.385,4,0.555
Imagine - Remastered 2010,John Lennon,rock_ingles,0.907,0.547,187867,0.257,0.183,0,0.0935,-12.358,1,0.0252,75.752,4,0.169
American Idiot,Green Day,rock_ingles,2.64e-05,0.38,176346,0.988,7.86e-05,1,0.368,-2.042,1,0.0639,186.113,4,0.769
All The Small Things,blink-182,rock_ingles,0.0122,0.439,168000,0.891,0.0,0,0.547,-4.764,1,0.057,148.599,4,0.695
Jailhouse Rock,Elvis Presley,rock_ingles,0.41,0.647,146480,0.582,1.93e-06,10,0.0715,-9.538,0,0.0755,167.396,4,0.915
Zombie,The Cranberries,rock_ingles,0.0154,0.307,306427,0.635,0.00483,7,0.366,-8.957,1,0.0339,166.973,4,0.304
In the End,Linkin Park,rock_ingles,0.00958,0.556,216880,0.864,0.0,3,0.209,-5.87,0,0.0584,105.143,4,0.4
Numb,Linkin Park,rock_ingles,0.0046,0.496,185587,0.863,0.0,9,0.639,-4.153,1,0.0381,110.018,4,0.243
Breaking the Habit,Linkin Park,rock_ingles,0.108,0.579,196907,0.849,0.0,4,0.0909,-5.218,0,0.0303,100.021,4,0.581
Somewhere I Belong,Linkin Park,rock_ingles,0.00038,0.451,213933,0.951,2.39e-06,1,0.261,-3.754,1,0.0645,162.065,4,0.442
The Pretender,Foo Fighters,rock_ingles,0.000917,0.433,269373,0.959,0.0,9,0.028,-4.04,1,0.0431,172.984,4,0.365
Heroes - 2017 Remaster,David Bowie,rock_ingles,0.000678,0.489,371413,0.758,0.49,7,0.092,-6.491,1,0.0297,112.113,4,0.435
Don't Look Back in Anger - Remastered,Oasis,rock_ingles,0.0708,0.327,289560,0.938,3.79e-06,0,0.148,-3.237,1,0.0645,162.937,4,0.326
I Love Rock 'n' Roll,The Black Jets,rock_ingles,0.0725,0.762,177087,0.482,3.26e-06,4,0.0802,-4.35,0,0.0734,94.009,4,0.684
Knockin' On Heaven's Door,Guns N' Roses,rock_ingles,0.0211,0.496,336000,0.739,0.00444,6,0.106,-7.193,1,0.0415,132.41,4,0.378
Don't Cry (Original),Guns N' Roses,rock_ingles,0.00182,0.456,283733,0.59,0.00379,11,0.104,-8.638,1,0.0327,124.635,4,0.243
Patience,Guns N' Roses,rock_ingles,0.686,0.457,354880,0.297,0.000107,6,0.109,-12.511,1,0.0306,120.021,4,0.333
Garden Of Eden,Guns N' Roses,rock_ingles,0.15,0.462,160800,0.998,0.77,6,0.651,-5.645,1,0.151,106.998,4,0.17
Heartbreak Girl,5 Seconds of Summer,rock_ingles,0.000962,0.471,198374,0.789,0.0,10,0.0649,-3.62,1,0.0602,166.99,4,0.684
Better Now,Post Malone,rock_ingles,0.331,0.68,231267,0.578,0.0,10,0.135,-5.804,1,0.04,145.038,4,0.341
This Is The New Shit,Marilyn Manson,rock_ingles,0.000916,0.566,259667,0.869,0.00346,2,0.114,-6.084,1,0.1,178.113,4,0.647
MANTRA,Bring Me The Horizon,rock_ingles,0.000477,0.502,233298,0.817,0.0,0,0.153,-3.508,1,0.0447,90.024,4,0.617
Old Time Rock & Roll,Bob Seger,rock_ingles,0.219,0.713,194147,0.931,0.0,6,0.0694,-2.965,1,0.0394,124.127,4,0.963
Don't Stop - 2004 Remaster,Fleetwood Mac,rock_ingles,0.0373,0.672,193347,0.72,9.38e-06,9,0.0371,-7.781,1,0.035,118.731,4,0.828
Trampled Under Foot - 1990 Remaster,Led Zeppelin,rock_ingles,0.163,0.55,335467,0.835,0.179,7,0.0864,-8.632,0,0.0487,111.25,4,0.808
Do I Wanna Know?,Arctic Monkeys,rock_ingles,0.186,0.548,272394,0.532,0.000263,5,0.217,-7.596,1,0.0323,85.03,4,0.405
R U Mine?,Arctic Monkeys,rock_ingles,0.00616,0.288,201726,0.758,0.0,6,0.303,-5.692,0,0.0371,97.094,4,0.619
One For The Road,Arctic Monkeys,rock_ingles,0.212,0.415,206052,0.668,0.0615,0,0.27,-6.849,1,0.036,180.048,4,0.842
Arabella,Arctic Monkeys,rock_ingles,0.0202,0.579,207357,0.558,1.26e-06,2,0.212,-6.986,1,0.0895,179.949,4,0.506
I Want It All,Arctic Monkeys,rock_ingles,0.000637,0.499,185406,0.81,0.0748,5,0.0625,-5.579,1,0.0347,131.052,4,0.288
No. 1 Party Anthem,Arctic Monkeys,rock_ingles,0.33,0.505,243132,0.698,0.0887,0,0.0966,-5.563,1,0.0297,115.013,4,0.599
Mad Sounds,Arctic Monkeys,rock_ingles,0.279,0.532,215012,0.462,0.196,10,0.101,-10.71,1,0.03,80.001,4,0.485
Fireside,Arctic Monkeys,rock_ingles,0.0234,0.538,181049,0.953,0.00126,9,0.113,-5.611,0,0.056,100.033,4,0.74
Why'd You Only Call Me When You're High?,Arctic Monkeys,rock_ingles,0.0483,0.691,161124,0.631,1.13e-05,2,0.104,-6.478,1,0.0368,92.004,4,0.8
Snap Out Of It,Arctic Monkeys,rock_ingles,0.249,0.728,193030,0.638,0.0,5,0.116,-6.455,0,0.0336,130.014,4,0.872
Knee Socks,Arctic Monkeys,rock_ingles,0.123,0.665,257563,0.542,0.00291,11,0.342,-8.323,0,0.033,97.975,4,0.587
I Wanna Be Yours,Arctic Monkeys,rock_ingles,0.136,0.464,183956,0.417,0.022,0,0.0974,-9.345,0,0.0256,67.528,4,0.479
Down with the Sickness,Disturbed,rock_ingles,0.000996,0.695,279213,0.876,6.89e-06,3,0.106,-4.262,0,0.0553,89.954,4,0.941
20th Century Boy - Remaster,T. Rex,rock_ingles,0.00144,0.426,218666,0.954,0.0,9,0.149,-6.121,1,0.0474,135.302,4,0.721
Jeepster,Joan Jett & the Blackhearts,rock_ingles,0.017,0.691,237347,0.36,3.34e-06,2,0.142,-10.925,1,0.0307,98.056,4,0.177
Rock and Roll - Remaster,Led Zeppelin,rock_ingles,0.000582,0.317,220561,0.887,0.00258,9,0.0891,-7.292,1,0.0375,169.613,4,0.871
Hutan,Anons,rock_ingles,0.000139,0.588,186097,0.894,0.0714,9,0.047,-10.995,1,0.0646,100.026,4,0.796
Dalam Sepi,Remissa,rock_ingles,0.201,0.681,276440,0.69,1.37e-06,9,0.0966,-5.087,0,0.0389,120.111,3,0.395
Fall for You,Secondhand Serenade,rock_ingles,0.174,0.392,183600,0.451,0.0,0,0.103,-7.109,1,0.0361,169.489,4,0.358
Fall for You (Acoustic),Secondhand Serenade,rock_ingles,0.65,0.433,176947,0.307,0.0,0,0.0635,-8.796,1,0.0327,178.114,4,0.378
Your Call,Secondhand Serenade,rock_ingles,0.774,0.591,222320,0.239,0.0,7,0.127,-11.943,1,0.0259,88.919,4,0.346
Like a Knife,Secondhand Serenade,rock_ingles,0.0248,0.205,266200,0.588,0.0,3,0.11,-7.114,1,0.0323,77.928,4,0.0572
Kings And Queens,Thirty Seconds To Mars,rock_ingles,0.0401,0.293,347667,0.817,3.4e-05,8,0.13,-5.432,1,0.0852,165.0,4,0.145
Closer To The Edge,Thirty Seconds To Mars,rock_ingles,0.0101,0.502,273467,0.948,4.49e-06,6,0.0809,-3.717,1,0.12,139.979,4,0.102
That's Why You Go Away,Michael Learns To Rock,rock_ingles,0.343,0.621,253093,0.533,0.0,7,0.0881,-7.222,1,0.0265,126.987,4,0.322
Take Me to Your Heart,Michael Learns To Rock,rock_ingles,0.236,0.65,240640,0.438,1.65e-06,3,0.0979,-10.358,0,0.027,122.009,4,0.393
Paint My Love - 2014 Remaster,Michael Learns To Rock,rock_ingles,0.0202,0.584,231000,0.507,7.83e-06,9,0.146,-8.055,1,0.0243,142.019,4,0.253
You Took My Heart Away - 2014 Remaster,Michael Learns To Rock,rock_ingles,0.184,0.58,272000,0.417,0.0,6,0.113,-9.357,0,0.0272,120.9,4,0.12
Breaking My Heart - 2014 Remaster,Michael Learns To Rock,rock_ingles,0.225,0.662,245000,0.444,0.000362,10,0.0751,-10.343,1,0.0279,152.009,4,0.687
When the Children Cry,White Lion,rock_ingles,0.68,0.493,258600,0.242,0.0,4,0.071,-13.593,0,0.0291,130.258,4,0.345
You're All I Need,White Lion,rock_ingles,0.11,0.506,265160,0.539,0.0,2,0.185,-10.654,1,0.0293,118.668,4,0.208
Fight to Survive,White Lion,rock_ingles,0.0131,0.313,315920,0.775,0.00191,0,0.389,-6.239,1,0.0952,90.465,4,0.675
Cry for Freedom,White Lion,rock_ingles,0.0194,0.588,371853,0.72,8.81e-05,0,0.145,-10.572,0,0.0368,108.682,4,0.604
In Too Deep,Sum 41,rock_ingles,0.00084,0.509,206999,0.812,0.0,9,0.062,-5.936,1,0.0796,116.078,4,0.649
Still Waiting,Sum 41,rock_ingles,0.00115,0.42,158733,0.952,5.72e-05,7,0.294,-4.93,1,0.257,191.977,4,0.511
Jessica Kill,Sum 41,rock_ingles,7.54e-05,0.426,170200,0.975,0.0,2,0.586,-3.384,1,0.0899,100.058,4,0.496
Chop Suey!,System Of A Down,rock_ingles,0.000278,0.417,210240,0.934,0.0015,7,0.132,-3.908,0,0.119,127.066,4,0.287
Toxicity,System Of A Down,rock_ingles,0.000264,0.413,218933,0.873,0.00249,8,0.204,-4.151,1,0.0536,116.68,3,0.48
Violent Pornography,System Of A Down,rock_ingles,0.0283,0.459,211333,0.958,0.0,6,0.108,-2.333,1,0.0877,142.707,4,0.586
Last Resort,Papa Roach,rock_ingles,0.000481,0.589,199907,0.89,0.00082,4,0.201,-3.719,0,0.0603,90.598,4,0.692
Walk,Pantera,rock_ingles,0.000155,0.43,315120,0.704,0.00221,1,0.0933,-8.008,0,0.0804,118.242,4,0.703
Cowboys from Hell,Pantera,rock_ingles,0.00437,0.415,243533,0.908,0.0345,2,0.082,-9.701,1,0.0765,114.816,4,0.437
Cemetery Gates,Pantera,rock_ingles,0.000212,0.274,422933,0.726,0.0113,9,0.0993,-11.541,1,0.0449,146.449,4,0.426
I'm Broken,Pantera,rock_ingles,0.000594,0.419,264800,0.878,0.559,7,0.139,-6.352,1,0.0553,147.385,4,0.666
Domination,Pantera,rock_ingles,0.000211,0.372,305293,0.888,0.00442,2,0.115,-5.88,1,0.0943,141.374,4,0.555
Animal Instinct,The Cranberries,rock_ingles,0.089,0.61,211067,0.85,0.0,4,0.256,-5.411,0,0.0307,132.174,4,0.604
Zombie,The Cranberries,rock_ingles,0.0158,0.309,306440,0.649,0.00591,7,0.367,-8.994,1,0.035,166.915,4,0.312
Closer,Nine Inch Nails,rock_ingles,0.000273,0.546,373307,0.724,0.667,10,0.133,-8.639,0,0.0427,89.991,4,0.586
Anastastia (feat. Myles Kennedy and The Conspirators),Slash,rock_ingles,0.000654,0.446,367280,0.938,0.00181,1,0.117,-5.475,1,0.0439,100.985,4,0.476
Nightmare,Avenged Sevenfold,rock_ingles,0.000318,0.554,374453,0.949,9.98e-05,2,0.2,-4.928,1,0.0787,129.984,4,0.233
Afterlife,Avenged Sevenfold,rock_ingles,0.000429,0.487,352427,0.949,2.91e-05,2,0.231,-4.217,0,0.0798,110.02,4,0.406
A Little Piece of Heaven,Avenged Sevenfold,rock_ingles,0.0244,0.486,480707,0.881,0.0,2,0.429,-5.623,0,0.0474,144.997,4,0.667
Seize the Day,Avenged Sevenfold,rock_ingles,0.0168,0.393,334067,0.802,0.0,5,0.193,-4.499,1,0.0367,140.101,4,0.338
Dear God,Avenged Sevenfold,rock_ingles,0.00658,0.472,393480,0.772,5.65e-05,5,0.132,-5.928,1,0.0316,139.993,4,0.6
So Far Away,Avenged Sevenfold,rock_ingles,0.00847,0.286,326813,0.703,7.39e-05,4,0.142,-4.491,0,0.0348,151.297,4,0.259
Almost Easy,Avenged Sevenfold,rock_ingles,3.56e-05,0.378,234093,0.959,0.000138,6,0.102,-4.615,1,0.062,174.932,4,0.338
505,Arctic Monkeys,rock_ingles,0.00287,0.526,253587,0.866,7.78e-05,0,0.0945,-5.822,1,0.0568,140.266,4,0.248
I Bet You Look Good On The Dancefloor,Arctic Monkeys,rock_ingles,0.00225,0.535,173680,0.948,0.0,6,0.376,-4.19,0,0.0356,103.183,4,0.778
Teddy Picker,Arctic Monkeys,rock_ingles,0.000286,0.637,165000,0.963,0.000889,9,0.0449,-5.116,1,0.0882,150.1,4,0.823
Stop The World I Wanna Get Off With You,Arctic Monkeys,rock_ingles,0.0537,0.661,191040,0.73,3.44e-05,6,0.14,-6.779,0,0.0574,95.027,4,0.53
A Certain Romance,Arctic Monkeys,rock_ingles,0.000566,0.455,331200,0.881,6.06e-05,11,0.11,-5.587,1,0.0401,137.949,4,0.201
Four Out Of Five,Arctic Monkeys,rock_ingles,0.0626,0.601,312347,0.863,0.0,0,0.0717,-4.31,1,0.0685,130.189,4,0.676
Who The Fuck Are Arctic Monkeys?,Arctic Monkeys,rock_ingles,0.000216,0.348,336827,0.896,0.0173,4,0.168,-7.63,0,0.0397,132.577,4,0.572
Stop Crying Your Heart Out,Oasis,rock_ingles,0.0768,0.38,303133,0.572,2.4e-06,2,0.0776,-5.334,1,0.03,74.987,4,0.0878
Live Forever - Remastered,Oasis,rock_ingles,2.31e-05,0.286,276667,0.822,1.31e-05,9,0.353,-3.366,0,0.0381,90.96,4,0.19
Don't Go Away,Oasis,rock_ingles,0.0532,0.426,288600,0.838,3.02e-06,0,0.0829,-4.38,1,0.0362,81.089,4,0.182
Champagne Supernova - Remastered,Oasis,rock_ingles,0.458,0.293,451320,0.817,0.0509,2,0.355,-3.786,1,0.039,150.249,4,0.138
Don't Stop… - Demo,Oasis,rock_ingles,0.241,0.22,296467,0.592,0.0242,2,0.317,-4.395,1,0.0381,116.165,3,0.267
Are You Gonna Be My Girl,Jet,rock_ingles,0.00148,0.613,213800,0.953,0.000582,2,0.152,-3.435,1,0.0855,105.046,4,0.537
Look What You've Done,Jet,rock_ingles,0.414,0.398,230880,0.547,0.00143,0,0.146,-6.846,1,0.0261,73.396,4,0.305
Grace Kelly,MIKA,rock_ingles,0.0242,0.675,187733,0.828,0.0102,0,0.364,-5.799,1,0.0454,122.229,4,0.669
Take Me Out,Franz Ferdinand,rock_ingles,0.000409,0.277,237027,0.663,0.00051,4,0.136,-8.821,0,0.0377,104.561,4,0.527
Take Me Out,Franz Ferdinand,rock_ingles,0.000409,0.277,237027,0.663,0.00051,4,0.136,-8.821,0,0.0377,104.561,4,0.527
How Deep Is Your Love,Bee Gees,rock_ingles,0.076,0.594,241093,0.5,9.86e-05,5,0.184,-5.586,0,0.0255,104.996,4,0.537
Stayin Alive,Bee Gees,rock_ingles,0.0288,0.702,285373,0.773,0.00871,10,0.147,-9.256,0,0.0343,103.564,4,0.953
Kedamaian,St.Loco,rock_ingles,5.63e-05,0.534,300253,0.829,0.0185,6,0.146,-4.101,0,0.0298,120.01,4,0.123
Hip Rock,St.Loco,rock_ingles,0.000106,0.613,205867,0.929,6.68e-06,4,0.213,-5.579,0,0.0859,103.11,4,0.566
Dream On,Aerosmith,rock_ingles,0.388,0.307,266960,0.433,9.08e-05,1,0.332,-10.057,1,0.029,160.9,4,0.224
Livin' On A Prayer,Bon Jovi,rock_ingles,0.0778,0.532,249293,0.887,0.000214,0,0.294,-3.757,1,0.0335,122.511,4,0.795
Always,Bon Jovi,rock_ingles,0.117,0.383,353027,0.659,0.0,4,0.0778,-5.558,1,0.0312,140.795,4,0.327
You Give Love A Bad Name,Bon Jovi,rock_ingles,0.0663,0.541,222707,0.96,2.25e-06,0,0.344,-2.947,0,0.0505,122.803,4,0.812
Runaway,Bon Jovi,rock_ingles,0.00375,0.475,230667,0.899,1.91e-05,9,0.14,-4.321,0,0.0637,152.445,4,0.603
I'll Be There For You,Bon Jovi,rock_ingles,0.0532,0.437,346587,0.727,0.0,2,0.103,-5.432,1,0.0293,73.029,4,0.233
Never Say Goodbye,Bon Jovi,rock_ingles,0.0522,0.326,288933,0.797,0.0,2,0.081,-2.359,1,0.0334,135.937,4,0.271
Someday I'll Be Saturday Night,Bon Jovi,rock_ingles,0.148,0.565,279173,0.864,0.0,4,0.319,-5.441,1,0.0443,126.572,4,0.675
Voodoo Child (Slight Return),Jimi Hendrix,rock_ingles,0.477,0.214,313373,0.91,0.00833,8,0.0517,-6.662,1,0.389,175.549,4,0.448
Little Wing,Jimi Hendrix,rock_ingles,0.181,0.515,145747,0.534,0.00278,6,0.0547,-8.045,1,0.0768,70.776,4,0.426
Hey Joe,Jimi Hendrix,rock_ingles,0.00603,0.346,210160,0.768,0.38,9,0.0244,-5.695,1,0.0377,169.492,4,0.532
Rollin' (Air Raid Vehicle),Limp Bizkit,rock_ingles,0.00516,0.604,213760,0.931,0.0,9,0.271,-3.326,1,0.175,96.249,4,0.682
My Generation,Limp Bizkit,rock_ingles,0.00271,0.461,221000,0.979,3.07e-06,11,0.118,-2.381,1,0.2,103.904,4,0.346
Take A Look Around,Limp Bizkit,rock_ingles,0.0175,0.425,321040,0.852,0.306,11,0.0935,-5.607,1,0.046,101.968,4,0.512
Di Udara,Efek Rumah Kaca,rock_ingles,0.00577,0.463,276000,0.63,0.0,9,0.233,-8.563,0,0.034,124.833,4,0.228
Sebelah Mata,Efek Rumah Kaca,rock_ingles,0.0892,0.538,269757,0.546,6.57e-05,4,0.0755,-8.815,1,0.0301,119.999,4,0.125
"Seperti Rahim Ibu (From ""Mata Najwa"")",Efek Rumah Kaca,rock_ingles,0.211,0.512,237027,0.602,4.49e-06,5,0.0879,-4.841,0,0.0308,120.006,4,0.0529
Cinta Melulu,Efek Rumah Kaca,rock_ingles,0.109,0.387,263384,0.72,1.33e-06,2,0.0918,-5.365,1,0.0304,148.063,4,0.325
Desember,Efek Rumah Kaca,rock_ingles,0.37,0.589,256975,0.322,4.89e-06,0,0.224,-10.116,1,0.0304,114.969,3,0.229
Putih,Efek Rumah Kaca,rock_ingles,0.0561,0.585,586387,0.479,0.191,5,0.11,-10.136,1,0.0257,107.968,4,0.321
Sweet Disposition,The Temper Trap,rock_ingles,0.0765,0.542,234360,0.813,0.252,2,0.116,-6.89,1,0.0429,129.09,4,0.305
Seven Nation Army,The White Stripes,rock_ingles,0.0039,0.743,232107,0.446,0.118,4,0.337,-7.807,0,0.0683,123.596,4,0.278
Don't Stop Me Now - Remastered 2011,Queen,rock_ingles,0.0475,0.559,209413,0.868,0.000176,5,0.776,-5.276,1,0.17,156.295,4,0.609
Under Pressure - Remastered 2011,Queen,rock_ingles,0.429,0.671,248440,0.712,0.0,2,0.103,-7.815,1,0.0476,113.805,4,0.462
I Want To Break Free - Single Remix,Queen,rock_ingles,0.0841,0.795,258013,0.435,0.00026,4,0.0763,-8.927,1,0.0324,108.95,4,0.596
Another One Bites The Dust - Remastered 2011,Queen,rock_ingles,0.112,0.933,214653,0.528,0.312,5,0.163,-6.472,0,0.161,109.967,4,0.754
Somebody To Love - Remastered 2011,Queen,rock_ingles,0.186,0.406,296480,0.698,0.0,8,0.233,-7.024,1,0.0624,109.266,3,0.333
Love Of My Life - Remastered 2011,Queen,rock_ingles,0.933,0.329,217387,0.179,5.04e-06,5,0.115,-11.589,1,0.0299,154.175,4,0.255
Hammer To Fall - Remastered 2011,Queen,rock_ingles,0.315,0.428,218320,0.787,2.03e-05,9,0.124,-4.998,1,0.0849,128.582,4,0.523
Radio Ga Ga - Live Aid,Queen,rock_ingles,0.0138,0.406,245680,0.934,0.0,5,0.955,-6.668,1,0.0845,118.823,4,0.395
Blitzkrieg Bop - 2016 Remaster,Ramones,rock_ingles,0.000269,0.385,134467,0.783,0.47,9,0.108,-2.533,1,0.233,176.701,4,0.902
I Wanna Be Sedated,Ramones,rock_ingles,0.121,0.56,149787,0.965,6.23e-06,11,0.169,-2.341,1,0.0409,162.825,4,0.964
Creep,Radiohead,rock_ingles,0.0097,0.515,238640,0.43,0.000133,7,0.129,-9.935,1,0.0372,91.844,4,0.104
