Cancion,Artista,categoria,acousticness,danceability,duration_ms,energy,instrumentalness,key,liveness,loudness,mode,speechiness,tempo,time_signature,valence
Si te vas...,Extremoduro,rock_español,0.623,0.569,516667,0.491,0.0215,5,0.111,-8.53,1,0.0451,133.427,3,0.204
La vereda de la puerta de atrás,Extremoduro,rock_español,0.437,0.403,243320,0.893,0.000173,9,0.11,-2.735,0,0.0474,141.194,4,0.527
So payaso,Extremoduro,rock_español,0.0392,0.435,281667,0.899,0.000447,4,0.115,-3.84,0,0.0656,150.546,4,0.377
Salta!!!,Tequila,rock_español,0.0218,0.474,189133,0.935,1.61e-05,2,0.044,-4.956,1,0.109,151.705,4,0.915
Por verte sonreír,La Fuga,rock_español,0.508,0.398,400173,0.825,0.0,7,0.301,-2.961,1,0.0641,132.414,4,0.299
Cigarrito,Platero Y Tu,rock_español,0.00827,0.686,236413,0.775,0.000185,7,0.476,-6.238,0,0.0276,110.039,4,0.828
Chiquilla,Seguridad Social,rock_español,0.0064,0.542,188000,0.881,0.000112,10,0.359,-3.559,0,0.142,166.835,4,0.765
Buscando en la basura,La Fuga,rock_español,0.00531,0.557,208840,0.857,0.0,2,0.115,-3.809,1,0.0489,95.025,4,0.647
"P' aquí, p' allá - 2017 Remaster",La Fuga,rock_español,0.00336,0.449,222062,0.806,0.0,7,0.203,-4.738,0,0.0384,77.504,4,0.326
Heroína,La Fuga,rock_español,0.0221,0.574,259427,0.865,1.31e-05,6,0.383,-4.516,0,0.0364,96.038,4,0.819
A la Sombra de la Sierra,La Raíz,rock_español,0.00729,0.794,240867,0.773,0.0,4,0.247,-5.251,0,0.0377,109.957,4,0.795
Entre Poetas y Presos,La Raíz,rock_español,0.00991,0.644,267680,0.917,0.0,10,0.108,-4.62,1,0.04,150.034,4,0.797
El roce de tu cuerpo,Platero Y Tu,rock_español,0.015,0.457,250093,0.904,5.01e-05,7,0.2,-4.67,1,0.0659,171.633,4,0.237
Hay poco rock'n'roll,Platero Y Tu,rock_español,0.0101,0.697,331827,0.537,0.000433,5,0.0792,-13.436,1,0.039,140.136,4,0.504
Maggie despierta - Maggie May,M-Clan,rock_español,0.139,0.627,281306,0.847,0.000154,0,0.709,-3.186,1,0.0264,121.975,4,0.637
Carolina - En directo 2000,M-Clan,rock_español,0.146,0.649,263680,0.9,0.0,7,0.694,-4.135,1,0.0306,123.978,4,0.86
Llamando a la tierra - Serenade From the Stars,M-Clan,rock_español,0.0918,0.521,244533,0.882,6.5e-05,9,0.204,-6.51,0,0.0797,116.902,4,0.401
Miedo,M-Clan,rock_español,0.458,0.543,297106,0.552,0.000618,0,0.406,-4.805,1,0.0315,139.861,4,0.41
Sopa fría,M-Clan,rock_español,0.0729,0.61,242760,0.862,0.0,4,0.112,-3.284,0,0.0283,100.049,4,0.805
Concierto salvaje,M-Clan,rock_español,0.11,0.472,346400,0.804,5.12e-06,0,0.131,-5.696,0,0.0344,126.055,4,0.658
Quiero tener tu presencia,Seguridad Social,rock_español,0.0211,0.741,220626,0.816,0.0,4,0.0981,-5.597,1,0.0797,146.075,4,0.574
Comerranas - En Directo,Seguridad Social,rock_español,0.00391,0.408,164613,0.923,0.00123,2,0.498,-5.98,1,0.113,180.435,4,0.279
20 de abril,Celtas Cortos,rock_español,0.0274,0.611,235311,0.866,2.89e-05,0,0.278,-5.135,1,0.0285,114.016,4,0.826
Cuéntame un cuento,Celtas Cortos,rock_español,0.0426,0.442,258531,0.912,1.5e-06,11,0.0798,-3.756,0,0.0381,119.65,4,0.752
32 escaleras (feat. Dani Martín),Rulo y la contrabanda,rock_español,0.00524,0.435,271452,0.885,1.83e-05,9,0.123,-4.262,1,0.0425,178.962,4,0.326
Fiesta Pagana,Mägo de Oz,rock_español,0.0124,0.434,296751,0.897,4.22e-05,11,0.0772,-4.845,0,0.0695,135.54,4,0.376
Salir,Extremoduro,rock_español,0.291,0.316,318987,0.645,0.00312,7,0.109,-6.206,1,0.0431,160.399,4,0.467
Maneras de vivir - Versión 2004-directo México,Rosendo,rock_español,0.0573,0.418,262467,0.887,7.82e-06,4,0.587,-4.082,1,0.0677,121.919,4,0.421
Soldadito marinero,Fito y Fitipaldis,rock_español,0.132,0.718,254373,0.431,0.000165,2,0.0686,-8.736,1,0.0314,139.618,4,0.324
Por la boca vive el pez,Fito y Fitipaldis,rock_español,0.255,0.641,269373,0.892,1.01e-05,0,0.221,-2.812,0,0.0303,151.229,4,0.841
Rojitas las orejas,Fito y Fitipaldis,rock_español,0.441,0.683,224133,0.638,0.000131,4,0.121,-10.8,0,0.0567,157.931,4,0.509
La casa por el tejado,Fito y Fitipaldis,rock_español,0.323,0.734,267760,0.852,2.27e-05,7,0.421,-5.632,0,0.0483,149.976,4,0.89
Me equivocaría otra vez,Fito y Fitipaldis,rock_español,0.355,0.739,306240,0.748,2.54e-06,7,0.177,-3.806,0,0.0269,132.86,4,0.822
Entre la espada y la pared,Fito y Fitipaldis,rock_español,0.15,0.706,292240,0.717,0.0,0,0.132,-8.108,1,0.0379,134.184,4,0.559
Whisky barato,Fito y Fitipaldis,rock_español,0.0658,0.589,198893,0.872,0.000493,7,0.329,-5.231,1,0.037,168.008,4,0.982
Me acordé de ti,Fito y Fitipaldis,rock_español,0.00672,0.545,245213,0.876,0.00667,11,0.101,-5.837,0,0.049,166.085,4,0.61
Acabo de llegar,Fito y Fitipaldis,rock_español,0.252,0.565,375120,0.87,0.000162,0,0.526,-3.895,1,0.0409,145.164,4,0.886
Entre dos mares,Fito y Fitipaldis,rock_español,0.00274,0.493,280933,0.814,0.0,2,0.237,-4.752,1,0.0379,151.154,4,0.499
Lo que sobra de mí,Fito y Fitipaldis,rock_español,0.245,0.685,220120,0.671,0.0,5,0.143,-7.082,0,0.0358,142.258,4,0.829
Garabatos,Fito y Fitipaldis,rock_español,0.0235,0.54,280293,0.717,0.0,5,0.0622,-6.316,0,0.0642,154.176,4,0.801
Feo Fuerte y Formal,Loquillo Y Los Trogloditas,rock_español,0.0454,0.716,242267,0.879,0.0,5,0.243,-6.179,0,0.0349,126.368,4,0.905
Quedate a dormir,M-Clan,rock_español,0.0173,0.617,257373,0.912,0.000104,0,0.359,-3.514,1,0.0317,123.199,4,0.627
El rompeolas - Remaster 2017,Loquillo Y Los Trogloditas,rock_español,0.0823,0.558,288000,0.863,6.28e-06,7,0.14,-5.662,1,0.0304,120.111,4,0.61
La luna me sabe a poco,Marea,rock_español,0.0568,0.437,267186,0.855,0.254,1,0.0429,-5.172,1,0.075,189.856,4,0.584
Pienso en Aquella Tarde,Pereza,rock_español,0.0023,0.313,172600,0.869,0.0,7,0.47,-4.206,1,0.0581,83.085,4,0.461
Estrella Polar (with Juan Aguirre),Pereza,rock_español,0.0296,0.517,211507,0.839,0.000379,4,0.248,-3.957,1,0.0286,126.968,4,0.778
Princesas,Pereza,rock_español,0.0634,0.683,217000,0.846,0.0,7,0.346,-3.551,1,0.0422,131.884,4,0.706
Todo,Pereza,rock_español,0.154,0.579,260733,0.741,0.0,0,0.179,-4.091,1,0.0455,168.02,4,0.538
Como Lo Tienes Tu,Pereza,rock_español,0.0472,0.476,232827,0.905,5.72e-06,7,0.228,-2.558,1,0.035,165.918,4,0.831
Jesucristo García - Versión 2004,Extremoduro,rock_español,0.128,0.642,276427,0.677,0.00414,11,0.108,-5.488,0,0.0334,88.041,4,0.472
Stand By,Extremoduro,rock_español,0.279,0.466,207987,0.629,0.436,7,0.141,-4.684,1,0.0421,132.663,4,0.396
La Madre de Jose,El Canto Del Loco,rock_español,0.293,0.629,191347,0.937,0.0,1,0.0744,-2.84,1,0.115,101.022,4,0.946
Zapatillas,El Canto Del Loco,rock_español,0.0281,0.428,172640,0.956,0.0,8,0.58,-2.382,0,0.178,198.076,4,0.686
Peter Pan,El Canto Del Loco,rock_español,0.29,0.568,259720,0.832,0.0,4,0.204,-3.358,1,0.0333,92.452,4,0.48
Insoportable,El Canto Del Loco,rock_español,0.0119,0.615,248720,0.763,0.0,9,0.0648,-4.142,1,0.0294,131.022,4,0.426
Besos,El Canto Del Loco,rock_español,0.00679,0.576,145827,0.909,4.42e-06,10,0.134,-3.306,1,0.0523,104.971,4,0.544
Volvera (feat. Alejandro Sanz),El Canto Del Loco,rock_español,0.35,0.715,180853,0.706,0.0,6,0.25,-6.668,1,0.0253,118.01,4,0.833
Eres Tonto,El Canto Del Loco,rock_español,0.0146,0.412,192427,0.902,0.0,5,0.091,-3.269,0,0.0534,189.146,4,0.899
Un Millon de Cicatrices,El Canto Del Loco,rock_español,0.184,0.664,246307,0.669,0.0,1,0.131,-6.59,1,0.0272,124.963,4,0.536
Una Foto en Blanco y Negro,El Canto Del Loco,rock_español,0.0737,0.545,209893,0.875,0.0,1,0.215,-3.714,1,0.0337,139.008,4,0.675
Volver a Disfrutar,El Canto Del Loco,rock_español,0.112,0.344,191347,0.966,0.0,1,0.14,-2.352,1,0.105,206.903,4,0.647
A Contracorriente,El Canto Del Loco,rock_español,0.016,0.496,181533,0.932,7.04e-06,8,0.135,-1.945,1,0.0393,155.006,4,0.736
Lobos,Leiva,rock_español,0.000274,0.599,217833,0.832,1.6e-05,11,0.355,-5.76,0,0.0627,128.034,4,0.705
No Puedo Vivir Sin Ti,Los Ronaldos,rock_español,0.412,0.593,254840,0.804,0.0,0,0.109,-4.917,1,0.037,128.425,4,0.596
Antes de que cuente diez,Fito y Fitipaldis,rock_español,0.0835,0.521,285040,0.852,0.0,6,0.365,-5.014,0,0.0624,151.012,4,0.523
Breaking Bad,Leiva,rock_español,0.00739,0.493,258373,0.724,8.24e-05,7,0.369,-5.334,1,0.0339,143.989,4,0.302
Terriblemente Cruel,Leiva,rock_español,0.0281,0.549,227600,0.831,0.0,0,0.0842,-4.17,1,0.0304,125.594,4,0.615
Sincericidio,Leiva,rock_español,0.000543,0.566,251453,0.81,0.000397,0,0.0975,-5.235,1,0.0382,124.885,4,0.258
Como Si Fueras a Morir Mañana,Leiva,rock_español,0.00144,0.46,240984,0.816,0.0,3,0.11,-6.576,1,0.0427,143.892,4,0.373
El Secreto de las Tortugas,Maldita Nerea,rock_español,0.00726,0.576,247840,0.756,0.00071,1,0.343,-6.554,1,0.0486,169.985,4,0.709
Todos los días sale el sol,Bongo Botrako,rock_español,0.0299,0.589,146337,0.91,0.0,2,0.02,-3.68,1,0.211,191.928,4,0.89
Delgadito,La Rabia Del Milenio,rock_español,0.0635,0.611,248547,0.892,0.0,11,0.604,-5.234,1,0.0381,134.29,4,0.914
Devuélveme a mi chica,Hombres G,rock_español,0.0031,0.603,194867,0.843,0.0337,9,0.445,-7.597,0,0.0557,172.676,4,0.503
El ataque de las chicas cocodrilo,Hombres G,rock_español,0.0291,0.506,184360,0.809,0.000234,10,0.0909,-5.754,1,0.0539,119.651,4,0.559
"Ama, ama, ama y ensancha el alma - Versión 2004",Extremoduro,rock_español,0.128,0.482,167840,0.858,0.00564,9,0.0991,-3.946,1,0.0682,165.876,4,0.613
Cada dos minutos (con Rulo y la Contrabanda y Kutxi Romero),Despistaos,rock_español,0.11,0.552,192080,0.734,2.02e-06,5,0.104,-2.069,1,0.0331,79.986,4,0.75
Son Sueños,El Canto Del Loco,rock_español,0.0351,0.591,230600,0.899,0.0,8,0.102,-4.427,1,0.0377,128.041,4,0.536
Locura transitoria,Extremoduro,rock_español,0.226,0.433,494773,0.638,0.0862,6,0.119,-9.331,0,0.0517,137.81,4,0.35
Puta,Extremoduro,rock_español,0.0274,0.277,322880,0.958,0.801,9,0.11,-2.639,0,0.139,189.741,4,0.308
Golfa,Extremoduro,rock_español,0.563,0.391,359547,0.693,0.00773,7,0.154,-5.37,1,0.0335,149.778,4,0.549
Descoloca,Lokito Lopongo,rock_español,0.261,0.645,225371,0.88,0.0,0,0.339,-5.498,0,0.11,178.029,4,0.883
Copenhague,Vetusta Morla,rock_español,0.411,0.559,303693,0.742,0.0107,9,0.133,-3.945,1,0.0243,92.959,4,0.482
Maldita Dulzura,Vetusta Morla,rock_español,0.884,0.262,227547,0.513,0.0192,4,0.0952,-6.993,0,0.0302,182.886,3,0.473
Consejo de Sabios,Vetusta Morla,rock_español,0.156,0.245,318280,0.54,0.000355,4,0.107,-7.153,0,0.0343,93.622,4,0.269
La Deriva,Vetusta Morla,rock_español,0.0555,0.59,219027,0.665,0.12,9,0.121,-7.253,1,0.0391,129.018,4,0.699
23 de Junio,Vetusta Morla,rock_español,0.616,0.442,207480,0.473,1.17e-06,9,0.0693,-8.63,0,0.0394,172.879,3,0.547
Corazon de mimbre,Marea,rock_español,0.0235,0.521,337666,0.928,0.0,9,0.0961,-3.548,0,0.0837,90.555,4,0.323
"Eta, deja alguna discoteca",Lendakaris Muertos,rock_español,0.00445,0.419,78427,0.893,4.43e-05,7,0.496,-3.473,1,0.0767,185.132,3,0.545
No Es Extraño,Los Zopilotes Txirriaos,rock_español,0.102,0.585,190773,0.926,8.52e-05,7,0.161,-5.989,1,0.162,135.072,4,0.458
Hacia la Luna,En Tol Sarmiento,rock_español,0.536,0.624,172147,0.891,0.0,9,0.208,-4.285,1,0.111,164.835,5,0.937
El Blues De Aranjuez,Rotten XIII,rock_español,0.0132,0.624,243278,0.855,0.000219,7,0.267,-2.681,1,0.0335,134.034,4,0.727
Voy a Celebrarlo,Lágrimas De Sangre,rock_español,0.354,0.665,392562,0.718,0.0,7,0.584,-8.06,1,0.238,95.065,4,0.782
La Gente,Lágrimas De Sangre,rock_español,0.576,0.782,266052,0.684,0.0,9,0.104,-5.647,1,0.0739,100.045,4,0.592
Fuego y Miedo,Ska-P,rock_español,0.0022,0.534,222467,0.956,1.88e-06,9,0.0915,-2.557,0,0.0429,151.941,4,0.735
Ellos Dicen Mierda,La Polla Records,rock_español,0.39,0.284,279000,0.727,0.618,11,0.119,-10.903,1,0.037,143.477,4,0.423
Grita Ska,IRRIKAN,rock_español,0.0699,0.441,248702,0.888,2.62e-05,2,0.185,-4.669,1,0.0666,102.976,4,0.845
Nos Volveremos a Ver,La Raíz,rock_español,0.00436,0.508,284770,0.891,0.0,4,0.139,-4.009,1,0.0418,169.901,4,0.698
Cuando sale el sol,Lágrimas De Sangre,rock_español,0.478,0.675,352235,0.626,0.0,2,0.137,-6.692,1,0.0807,170.002,4,0.881
Hoy,Los De Marras,rock_español,0.0277,0.68,202880,0.934,1.9e-05,11,0.106,-4.787,1,0.0396,102.509,4,0.899
A Tu Vera,Los De Marras,rock_español,0.0126,0.574,217147,0.865,0.0,11,0.175,-4.023,0,0.0552,89.902,3,0.555
Maldito duende,Heroes Del Silencio,rock_español,0.0904,0.374,253187,0.85,0.0,4,0.116,-5.657,0,0.0404,125.796,4,0.348
Entre dos tierras,Heroes Del Silencio,rock_español,0.0351,0.458,368320,0.746,0.0,11,0.172,-9.444,0,0.0318,166.095,4,0.511
Avalancha,Heroes Del Silencio,rock_español,0.00498,0.423,358133,0.836,0.0,9,0.246,-4.754,1,0.0501,149.456,4,0.446
La chispa adecuada (Bendecida 3),Heroes Del Silencio,rock_español,0.508,0.647,327427,0.402,0.0,2,0.107,-9.14,0,0.0282,113.27,4,0.237
Apuesta por el rock 'n' roll,Heroes Del Silencio,rock_español,0.273,0.444,231307,0.889,0.000278,7,0.193,-3.756,1,0.105,169.907,5,0.633
Vicio,Reincidentes,rock_español,0.212,0.421,172933,0.897,0.00103,2,0.972,-6.964,0,0.0433,109.982,4,0.519
El Vals del Obrero,Ska-P,rock_español,0.0418,0.505,277933,0.835,1.12e-06,5,0.171,-5.524,1,0.0685,102.097,4,0.674
Aquellas Cosas Que Solíamos Hacer,Benito Kamelas,rock_español,0.0337,0.554,289627,0.844,1.72e-06,0,0.069,-6.103,1,0.0563,167.994,4,0.618
No Hay Tregua,Barricada,rock_español,0.116,0.271,175333,0.678,0.00886,7,0.954,-12.355,1,0.038,145.498,4,0.273
Buscando El Sol,David Otero,rock_español,6.76e-05,0.499,254440,0.937,0.000716,7,0.198,-3.283,1,0.0546,162.021,4,0.572
Octubres rotos,Desakato,rock_español,0.00016,0.583,201107,0.88,0.000406,2,0.182,-5.188,1,0.0361,134.973,4,0.301
Estoy enfermo (con Melendi),Pignoise,rock_español,0.0178,0.569,154227,0.831,0.0,11,0.0603,-3.177,1,0.0454,100.022,4,0.824
Revolviendo,Los De Marras,rock_español,0.557,0.736,217667,0.694,0.0,1,0.105,-5.174,1,0.0335,107.945,4,0.36
Otra Noche,Kaotiko,rock_español,0.0234,0.552,190747,0.932,0.0,8,0.104,-5.418,1,0.0488,112.031,4,0.538
La cabecita loca,Rulo y la contrabanda,rock_español,0.0343,0.546,244760,0.821,1.9e-06,1,0.294,-6.208,0,0.0303,159.906,4,0.757
Copacabana,IZAL,rock_español,0.0093,0.62,216566,0.81,4.51e-06,9,0.207,-7.194,0,0.0485,144.924,4,0.512
Pánico Práctico,IZAL,rock_español,0.568,0.499,232813,0.517,0.0,0,0.173,-5.648,1,0.0403,89.635,4,0.4
Clavado en Un Bar,Maná,rock_español,0.00737,0.634,310813,0.854,2.49e-06,11,0.0664,-3.444,1,0.0369,148.003,4,0.564
En El Muelle de San Blas,Maná,rock_español,0.113,0.64,352160,0.693,5.62e-06,2,0.0978,-5.735,1,0.0235,97.159,4,0.698
Hoy te la meto hasta las orejas,Extremoduro,rock_español,0.0738,0.366,222093,0.796,0.027,9,0.0503,-4.085,0,0.0607,80.467,4,0.94
Dulce introducción al caos,Extremoduro,rock_español,0.0763,0.332,462013,0.683,0.264,7,0.164,-6.493,1,0.0402,139.181,3,0.252
Primer movimiento: el sueño,Extremoduro,rock_español,0.166,0.376,363653,0.776,0.0295,11,0.187,-5.806,0,0.0441,144.148,4,0.371
Segundo movimiento: lo de fuera,Extremoduro,rock_español,0.156,0.257,703227,0.86,0.11,4,0.53,-4.476,0,0.0789,174.701,4,0.471
Tercer movimiento: lo de dentro,Extremoduro,rock_español,0.0272,0.299,456960,0.989,0.0175,4,0.604,-2.519,0,0.105,111.442,4,0.15
Cuarto movimiento: la realidad,Extremoduro,rock_español,0.206,0.389,349307,0.662,0.165,4,0.225,-7.013,0,0.0337,135.901,4,0.345
Coda flamenca (Otra realidad),Extremoduro,rock_español,0.283,0.416,374667,0.499,0.0111,2,0.0923,-8.138,0,0.0465,135.061,3,0.241
Tango suicida,Extremoduro,rock_español,0.0817,0.44,487853,0.698,0.0718,9,0.121,-8.38,0,0.0448,124.314,4,0.518
Desarraigo,Extremoduro,rock_español,0.00771,0.512,457920,0.458,0.399,7,0.109,-8.993,1,0.0282,99.092,4,0.667
Mamá,Extremoduro,rock_español,0.00919,0.506,369907,0.709,0.0336,4,0.148,-9.02,0,0.0497,135.157,4,0.718
Sol de invierno - Versión 2004,Extremoduro,rock_español,0.435,0.41,273333,0.935,0.0287,2,0.0992,-3.473,1,0.202,77.501,4,0.358
Un buen castigo,Fito y Fitipaldis,rock_español,0.141,0.69,277867,0.842,0.0158,6,0.238,-7.683,0,0.0302,150.042,4,0.951
Amasijo de huesos,Sidecars,rock_español,0.232,0.725,275640,0.725,0.0,11,0.105,-4.881,1,0.0278,131.989,4,0.494
Fan de Ti,Sidecars,rock_español,0.0201,0.55,213080,0.761,0.0,0,0.0948,-2.819,1,0.0303,134.013,4,0.402
Locos de atar,Sidecars,rock_español,0.00788,0.629,272747,0.605,0.000697,4,0.121,-6.618,1,0.0258,88.982,4,0.306
Dolores Se Llamaba Lola - Remastered,Los Suaves,rock_español,0.0388,0.401,309163,0.855,2.2e-05,9,0.364,-5.789,1,0.0804,85.805,4,0.598
Mi espíritu imperecedero,Extremoduro,rock_español,0.35,0.412,342787,0.754,0.00156,7,0.0614,-6.591,1,0.0783,158.172,4,0.502
Sucede,Extremoduro,rock_español,0.0584,0.519,187333,0.967,3.26e-05,4,0.479,-2.111,0,0.0682,151.673,4,0.541
Años 80,Los Piratas,rock_español,0.000642,0.467,220840,0.9,0.0,2,0.351,-4.318,1,0.0378,125.981,4,0.495
A fuego,Extremoduro,rock_español,0.0442,0.328,323227,0.987,0.0691,7,0.353,-1.812,0,0.183,191.91,4,0.281
¡Qué sonrisa tan rara!,Extremoduro,rock_español,0.0191,0.483,196733,0.779,0.00125,4,0.274,-6.651,0,0.0787,152.168,4,0.414
Otra inútil canción para la paz,Extremoduro,rock_español,0.178,0.436,371053,0.631,0.722,9,0.116,-7.119,0,0.0338,119.546,3,0.619
Club de fans de John Boy,Love of Lesbian,rock_español,0.136,0.644,231160,0.819,0.00283,11,0.233,-8.05,0,0.0324,132.037,4,0.782
El ectoplasta,Love of Lesbian,rock_español,0.0111,0.473,225960,0.847,5.08e-05,7,0.109,-6.835,1,0.0396,142.147,4,0.629
Allí donde solíamos gritar,Love of Lesbian,rock_español,0.00577,0.499,337453,0.819,0.00886,10,0.368,-6.781,1,0.0347,125.976,4,0.337
Física o química,Despistaos,rock_español,0.06,0.619,191827,0.904,0.0,7,0.378,-3.784,1,0.0506,99.982,4,0.962
Cerca del suelo,Extremoduro,rock_español,0.297,0.553,281320,0.691,0.0106,0,0.149,-5.546,1,0.044,152.305,4,0.744
Deltoya - Versión 2004,Extremoduro,rock_español,0.229,0.394,332107,0.745,0.0877,9,0.116,-6.734,0,0.0565,101.182,4,0.366
Poema sobrecogido,Extremoduro,rock_español,0.0101,0.542,344187,0.78,0.0506,11,0.158,-8.894,1,0.0292,126.84,4,0.685
...Y Rozar Contigo,Robe,rock_español,0.252,0.427,203440,0.496,0.000299,9,0.105,-10.785,0,0.0813,108.326,4,0.305
Nana Cruel,Robe,rock_español,0.286,0.413,404067,0.42,4.59e-05,0,0.111,-9.999,1,0.0369,107.907,3,0.274
Calle Melancolía,Robe,rock_español,0.0356,0.491,380973,0.743,0.000121,4,0.132,-5.821,1,0.0423,91.047,4,0.161
Quemando tus recuerdo - Versión 2004,Extremoduro,rock_español,0.321,0.396,331320,0.748,0.000853,9,0.133,-6.709,1,0.117,101.992,4,0.391
Decidí - Versión 2004,Extremoduro,rock_español,0.253,0.589,153067,0.864,2.64e-05,10,0.102,-5.64,1,0.0565,157.905,4,0.686
Rojitas,Extrechinato y Tu,rock_español,0.105,0.599,232000,0.497,0.00257,4,0.111,-11.172,0,0.0399,157.989,4,0.618
Entre interiores,Extremoduro,rock_español,0.311,0.427,246987,0.605,0.0287,4,0.0904,-8.396,0,0.0469,121.822,3,0.661
Que se joda el viento,Marea,rock_español,0.0138,0.669,305253,0.739,8.84e-06,9,0.136,-5.872,0,0.0329,118.04,4,0.764
Baron Rojo,Barón Rojo,rock_español,0.00255,0.413,340000,0.743,0.153,9,0.16,-10.691,1,0.0644,131.316,4,0.568
Cadillac solitario,Loquillo,rock_español,0.0746,0.393,214560,0.828,0.00192,11,0.148,-4.147,0,0.0332,129.743,1,0.473
Heridas del rock&roll,Rulo y la contrabanda,rock_español,0.11,0.51,240133,0.58,0.0,5,0.0947,-6.557,1,0.0268,174.098,4,0.552
Rock & Roll Star (feat. Sabino Méndez) - Bec 05,Loquillo Y Los Trogloditas,rock_español,0.0115,0.475,312533,0.89,0.000797,1,0.92,-3.967,0,0.0402,112.701,4,0.59
La rueca,Marea,rock_español,0.0676,0.547,234106,0.94,0.000212,11,0.0657,-5.13,0,0.0796,180.09,4,0.729
El perro verde,Marea,rock_español,0.00763,0.417,243240,0.975,0.0,9,0.211,-2.712,1,0.186,94.423,4,0.374
La flaca,Jarabe De Palo,rock_español,0.52,0.871,261200,0.481,5.54e-05,7,0.0809,-9.068,1,0.0383,103.063,4,0.664
Buscando una luna,Extremoduro,rock_español,0.0322,0.316,251733,0.844,3.9e-05,2,0.155,-4.09,1,0.0567,170.453,4,0.546
Su culo es miel,Extremoduro,rock_español,0.225,0.386,358560,0.762,0.182,2,0.143,-6.619,1,0.0321,137.638,4,0.687
Flaca,Andrés Calamaro,rock_español,0.21,0.739,277653,0.745,0.0135,7,0.127,-6.658,1,0.0267,109.326,4,0.949
Amor castúo - Versión 2004,Extremoduro,rock_español,0.174,0.509,207000,0.881,0.00494,11,0.508,-5.272,0,0.0377,159.917,4,0.802
El camino de las utopías,Extremoduro,rock_español,0.469,0.357,450547,0.518,0.178,11,0.187,-10.422,0,0.0344,153.595,4,0.192
Pepe Botika (Dónde están mis amigos) - Versión 2004,Extremoduro,rock_español,0.00592,0.448,237973,0.937,0.00608,7,0.162,-4.724,1,0.109,159.066,4,0.441
Sin documentos,Los Rodriguez,rock_español,0.565,0.387,285093,0.972,4.83e-06,7,0.0921,-2.84,0,0.101,192.392,4,0.839
Pequeño rocanrol endémico,Extremoduro,rock_español,0.175,0.417,308080,0.751,0.0198,9,0.252,-8.204,1,0.0344,128.965,3,0.754
Voy a acabar borracho,Platero Y Tu,rock_español,0.0526,0.631,305533,0.763,0.000136,7,0.308,-4.076,1,0.0407,164.001,4,0.713
Bribriblibli - Versión 2004,Extremoduro,rock_español,0.506,0.379,199960,0.741,0.0503,7,0.0784,-7.636,1,0.116,159.282,4,0.325
En tu agujero,Marea,rock_español,0.212,0.561,304400,0.861,0.0088,5,0.0841,-4.791,1,0.0672,92.894,4,0.346
En Blanco Y Negro,Barricada,rock_español,0.025,0.463,245027,0.769,0.0303,2,0.304,-13.946,1,0.0431,74.997,4,0.378
El hijo de la Inés,Marea,rock_español,0.0158,0.349,288253,0.704,0.0521,0,0.132,-6.628,1,0.0645,179.211,4,0.607
Baja por diversión (feat. El Drogas),La Fuga,rock_español,0.0814,0.456,218080,0.856,0.0,2,0.373,-3.473,0,0.0426,171.915,4,0.431
Juliette (feat. Robe) - Versión 2005,Platero Y Tu,rock_español,0.000643,0.523,217280,0.764,0.0042,9,0.414,-8.761,1,0.0355,196.026,4,0.741
Un Suspiro Acompasado,Robe,rock_español,0.0362,0.258,550627,0.508,0.000608,2,0.296,-9.324,1,0.0509,81.985,4,0.176
Duerme Conmigo,Marea,rock_español,0.0016,0.471,218133,0.951,4.68e-06,1,0.288,-4.173,0,0.122,90.522,4,0.556
A la sombra de mi sombra,Extrechinato y Tu,rock_español,0.0465,0.426,312733,0.702,0.0224,4,0.0673,-10.391,0,0.0329,102.067,4,0.813
Bulerías de la sangre caliente - Versión 2004,Extremoduro,rock_español,0.00101,0.515,217840,0.847,0.089,7,0.0949,-7.466,1,0.0399,79.99,4,0.492
Mis Colegas,Ska-P,rock_español,0.00151,0.532,251440,0.96,5.29e-06,7,0.0639,-2.188,1,0.0487,163.841,4,0.689
Niño Soldado,Ska-P,rock_español,0.000677,0.621,220200,0.978,0.00029,7,0.179,-3.427,1,0.0906,110.964,4,0.546
Kualqiier Dia,Boikot,rock_español,0.00228,0.593,209640,0.977,3.79e-06,11,0.0873,-4.015,0,0.159,107.535,4,0.213
Pedrá,Extremoduro,rock_español,0.00153,0.312,1768080,0.828,0.000834,7,0.0958,-11.021,1,0.0972,152.358,4,0.318
Bienvenido al secadero,Marea,rock_español,0.000373,0.418,220427,0.969,0.00845,2,0.156,-4.758,0,0.138,183.051,4,0.368
Alucinante - Versión 2005,Platero Y Tu,rock_español,0.00241,0.601,181373,0.647,0.000514,9,0.116,-9.86,1,0.0321,170.043,4,0.968
Majareta,La Fuga,rock_español,0.0155,0.37,167387,0.943,0.0,2,0.282,-5.162,1,0.144,170.038,4,0.517
De acero - Versión 2004,Extremoduro,rock_español,0.241,0.436,222627,0.929,2.11e-05,2,0.0999,-5.883,1,0.144,184.906,4,0.417
¡Ay! Dolores,Reincidentes,rock_español,0.0151,0.525,248267,0.851,0.0,2,0.656,-5.581,0,0.0643,100.026,4,0.541
Agradecido,Rosendo,rock_español,0.00395,0.437,274627,0.977,0.0416,2,0.0685,-4.315,1,0.154,174.309,4,0.497
En Blanco Y Negro,Barricada,rock_español,0.0186,0.537,245533,0.971,0.0507,2,0.186,-4.72,1,0.058,74.969,4,0.28
El carro de la vida - feat. Kutxi Romero,Sinkope,rock_español,0.00709,0.451,252787,0.961,0.0,11,0.142,-3.899,0,0.183,165.895,4,0.476
Héroes del Sábado,La Maravillosa Orquesta del Alcohol,rock_español,0.263,0.531,244767,0.686,0.0,10,0.0975,-6.309,1,0.0359,135.97,4,0.316
Masculino singular,Rosendo,rock_español,0.00252,0.588,243040,0.915,0.0,2,0.238,-5.11,1,0.0352,123.034,4,0.735
Flojos de pantalón,Rosendo,rock_español,0.000503,0.397,262627,0.784,0.00193,4,0.0865,-6.512,1,0.0522,176.046,4,0.24
La Suerte de Mi Vida,El Canto Del Loco,rock_español,0.0133,0.549,218707,0.822,8.69e-05,8,0.332,-3.97,1,0.0357,132.018,4,0.681
Tal Como Eres,El Canto Del Loco,rock_español,0.0205,0.468,253267,0.724,0.0,11,0.339,-3.326,1,0.0328,178.939,3,0.336
Ciudad de los gitanos,Marea,rock_español,0.0285,0.338,287866,0.787,0.000165,7,0.0887,-6.317,1,0.0514,170.009,4,0.388
