Cancion,Artista,categoria,acousticness,danceability,duration_ms,energy,instrumentalness,key,liveness,loudness,mode,speechiness,tempo,time_signature,valence
Una Aventura,Grupo Niche,Salsa,0.275,0.699,316093,0.83,0.00241,0,0.121,-10.935,1,0.0365,92.855,4,0.731
Amores Como el Nuestro,Jerry Rivera,Salsa,0.549,0.679,301573,0.62,0.0189,0,0.0774,-10.943,1,0.0469,179.505,4,0.619
Yo No Sé Mañana (salsa),Luis Enrique,Salsa,0.665,0.64,259853,0.83,0.0,4,0.178,-3.197,0,0.0427,95.414,4,0.74
Lloraras,Oscar D'León,Salsa,0.517,0.706,222200,0.751,0.000701,9,0.0445,-8.368,1,0.0452,96.998,4,0.962
Te Va a Doler,Maelo Ruiz,Salsa,0.407,0.61,292773,0.849,0.0,8,0.28,-4.382,1,0.0461,177.634,4,0.742
Me Tengo Que Ir,Adolescent's Orquesta,Salsa,0.258,0.451,280189,0.785,0.0,2,0.12,-4.701,0,0.0362,96.831,4,0.846
Mi Media Mitad,Rey Ruiz,Salsa,0.404,0.74,292653,0.674,1.28e-06,0,0.278,-5.818,1,0.033,154.171,4,0.827
Conciencia,Gilberto Santa Rosa,Salsa,0.539,0.7,333227,0.693,4.62e-06,10,0.089,-6.878,1,0.0367,88.383,4,0.891
Pequeñas Cosas,Willie Gonzalez,Salsa,0.585,0.688,307200,0.614,0.0,9,0.0978,-9.247,1,0.0378,176.396,4,0.852
Gotas De Lluvia,Grupo Niche,Salsa,0.701,0.635,354973,0.856,0.00019,4,0.0565,-3.946,0,0.0375,97.276,4,0.688
Aquel Lugar,Adolescent's Orquesta,Salsa,0.36,0.747,233326,0.619,0.0,7,0.132,-4.706,1,0.036,92.124,4,0.652
Conteo Regresivo - Salsa Version,Gilberto Santa Rosa,Salsa,0.778,0.777,266787,0.72,0.0,8,0.069,-6.162,1,0.0803,163.905,4,0.96
Sin Sentimientos,Grupo Niche,Salsa,0.414,0.607,293893,0.622,0.0,2,0.176,-9.433,0,0.0354,82.777,4,0.66
Qué Hay de Malo,Jerry Rivera,Salsa,0.592,0.733,298347,0.603,0.0,1,0.0556,-8.673,1,0.044,91.941,4,0.817
Apiádate de Mi,Víctor Manuelle,Salsa,0.273,0.722,304333,0.629,0.0,10,0.0796,-7.233,0,0.0406,168.79,4,0.844
La Cita,Gali Galeano,Salsa,0.737,0.637,287520,0.921,0.0282,8,0.158,-7.698,1,0.053,174.391,4,0.932
Quiero Morir En Tu Piel,Willie Gonzalez,Salsa,0.682,0.688,377160,0.658,1.82e-05,11,0.328,-9.962,0,0.0421,97.108,4,0.907
Virgen,Adolescent's Orquesta,Salsa,0.653,0.64,273738,0.796,0.00021,10,0.115,-4.571,0,0.0437,91.306,4,0.807
Anhelo,Adolescent's Orquesta,Salsa,0.363,0.75,245082,0.827,0.0,8,0.116,-4.936,1,0.0432,91.108,4,0.752
Ese,Jerry Rivera,Salsa,0.326,0.528,211587,0.714,2.62e-06,5,0.158,-7.282,1,0.246,79.344,4,0.603
La Agarro Bajando,Gilberto Santa Rosa,Salsa,0.332,0.807,254933,0.768,3.09e-06,5,0.251,-6.745,0,0.0427,100.324,4,0.962
Busca Por Dentro,Grupo Niche,Salsa,0.213,0.69,354133,0.666,0.000373,5,0.309,-10.211,0,0.0348,86.039,4,0.842
Tengo Ganas,Víctor Manuelle,Salsa,0.198,0.591,266493,0.862,0.0,9,0.212,-3.641,0,0.0362,94.616,4,0.896
Si Supiera,Willie Gonzalez,Salsa,0.783,0.774,252307,0.478,0.0,0,0.145,-9.277,1,0.0321,143.713,4,0.799
Si Me Ves Llorar,David Pabon,Salsa,0.434,0.63,328760,0.855,0.000607,10,0.109,-5.544,0,0.0345,90.638,4,0.57
Cachondea,Fruko Y Sus Tesos,Salsa,0.176,0.818,297358,0.922,0.000771,7,0.31,-6.647,1,0.049,113.81,4,0.896
Persona Ideal,Adolescent's Orquesta,Salsa,0.437,0.464,283273,0.511,0.0,2,0.149,-11.815,0,0.0329,96.856,4,0.84
Amiga,Maelo Ruiz,Salsa,0.52,0.681,255213,0.818,0.0,7,0.144,-8.565,1,0.0696,172.346,4,0.825
Cara de Niño,Jerry Rivera,Salsa,0.547,0.752,295640,0.663,0.0,5,0.068,-9.019,0,0.0459,92.829,4,0.961
Hazme Olvidarla,Willie Gonzalez,Salsa,0.535,0.732,337173,0.729,2.53e-05,0,0.0842,-5.319,1,0.035,87.824,4,0.795
Que Alguien Me Diga,Gilberto Santa Rosa,Salsa,0.256,0.585,290413,0.868,0.0,7,0.197,-7.285,0,0.0444,94.098,4,0.758
Desde El Fondo De Mi Corazon,Hildemaro,Salsa,0.623,0.722,242649,0.668,0.00025,9,0.206,-6.686,1,0.0358,93.872,4,0.784
Devorame Otra Vez,Eddie Santiago,Salsa,0.638,0.559,297733,0.734,0.0147,6,0.103,-5.593,0,0.0369,178.561,4,0.96
Almas Gemelas,Grupo Controversia,Salsa,0.492,0.703,245918,0.793,5.03e-05,10,0.076,-5.706,0,0.0329,91.49,4,0.837
Ella Feat. Luis Enrique,Hansel Y Raul,Salsa,0.496,0.614,348600,0.764,0.0,1,0.261,-5.201,1,0.139,86.112,4,0.782
Extrañándote,Rubby Perez,Salsa,0.662,0.711,306160,0.825,0.0,2,0.177,-3.095,1,0.0365,97.376,4,0.885
No Me Acostumbro,Rey Ruiz,Salsa,0.642,0.659,289587,0.827,8.4e-06,5,0.381,-6.174,0,0.0398,173.018,4,0.927
Si No La Tengo,Diablos Locos,Salsa,0.122,0.681,308837,0.634,0.0,11,0.106,-6.885,0,0.0349,80.115,4,0.779
Procura,ChiChi Peralta,Salsa,0.279,0.805,271031,0.757,0.000839,8,0.101,-7.46,1,0.0355,102.14,4,0.973
Gracias Amor,Matecana Orquesta,Salsa,0.768,0.736,289133,0.527,0.000113,10,0.395,-11.54,1,0.0403,90.776,4,0.808
Entre La Espada y La Pared,Nino Segarra,Salsa,0.302,0.782,262080,0.726,2.74e-06,0,0.0664,-4.752,1,0.0363,156.148,4,0.945
Qué Precio Tiene el Cielo - Salsa Version,Marc Anthony,Salsa,0.248,0.42,302947,0.843,0.0,7,0.078,-4.692,1,0.0647,173.91,4,0.539
He Tratado,Víctor Manuelle,Salsa,0.376,0.588,303133,0.815,4.09e-05,5,0.165,-6.173,0,0.074,90.628,4,0.907
Mala jujer,La Sonora Matancera,Salsa,0.712,0.531,232333,0.579,1.02e-05,9,0.0645,-10.642,0,0.0425,88.778,4,0.862
Como Te Hago Entender,Roberto Roena Y Su Apollo Sound,Salsa,0.436,0.837,344627,0.649,0.0,5,0.0856,-7.36,0,0.0529,84.252,4,0.875
Dia Tras Dia,Cheo Andujar,Salsa,0.242,0.721,266760,0.68,6.6e-05,2,0.226,-4.366,0,0.0344,93.478,4,0.823
Periodico De Ayer,Héctor Lavoe,Salsa,0.364,0.459,407373,0.583,0.134,5,0.128,-7.181,0,0.0294,98.405,4,0.583
Tu Cariñito,Luisito Ayala Y La Puerto Rican Power,Salsa,0.337,0.667,251253,0.873,2.24e-06,5,0.0338,-8.751,0,0.0469,187.441,4,0.92
Perdóname,Danny Daniel,Salsa,0.517,0.647,199863,0.78,0.0,2,0.138,-3.654,1,0.033,87.753,4,0.896
Hechizo,Danny Daniel,Salsa,0.461,0.677,267311,0.839,0.0,2,0.0794,-3.2,1,0.0358,92.8,4,0.827
De Punta a Punta,Grupo Caneo,Salsa,0.358,0.628,265480,0.649,0.000152,8,0.053,-12.064,1,0.0421,170.62,4,0.965
Amor y Control - Live,Rubén Blades,Salsa,0.715,0.647,351027,0.648,7.15e-05,0,0.689,-8.805,1,0.0449,89.773,4,0.739
La Va A Pagar,Pedro Conga Y Su Orquesta Internacional,Salsa,0.702,0.825,342933,0.7,0.000106,5,0.146,-7.702,0,0.0372,94.972,4,0.812
Vivir Mi Vida,Marc Anthony,Salsa,0.345,0.656,252347,0.877,0.0,0,0.349,-3.231,0,0.0342,105.018,4,0.894
Buscala Ya,Grupo Controversia,Salsa,0.514,0.619,219926,0.861,0.00141,6,0.166,-5.678,0,0.0369,180.777,4,0.7
Tu Amigo o Tu Amante,La Sabrosura Orquesta,Salsa,0.23,0.647,284667,0.847,0.000542,7,0.0767,-9.178,1,0.0413,172.004,4,0.857
Hasta Aquí Te Fui Fiel,Eddie Santiago,Salsa,0.553,0.644,264933,0.703,0.00142,2,0.0909,-6.94,0,0.0349,174.824,4,0.533
Jamás,Eddie Santiago,Salsa,0.831,0.642,281773,0.745,0.00256,5,0.0831,-6.953,1,0.0432,172.156,4,0.916
Y Hubo Alguien,Marc Anthony,Salsa,0.636,0.474,388360,0.879,0.0,4,0.16,-3.979,0,0.115,91.094,4,0.668
Amor y Control,Rubén Blades,Salsa,0.364,0.75,348347,0.602,0.00736,7,0.136,-9.686,1,0.035,89.066,4,0.845
Si Supieras,Pedro Conga Y Su Orquesta Internacional,Salsa,0.709,0.74,310893,0.303,0.0,7,0.323,-18.567,0,0.0468,91.534,4,0.839
Caricias Prohibidas,Viti Ruiz,Salsa,0.779,0.556,321707,0.704,1.12e-05,1,0.109,-5.036,1,0.0337,91.465,4,0.843
Caradura,David Pabon,Salsa,0.515,0.709,317573,0.783,0.000123,2,0.0973,-6.669,1,0.0371,94.001,4,0.733
No Consigo Olvidarte,La Sabrosura Orquesta,Salsa,0.454,0.645,270228,0.849,0.0369,6,0.11,-7.497,0,0.0403,171.575,4,0.755
Esa Mujer,Tony Vega,Salsa,0.0602,0.54,351813,0.813,0.0,10,0.66,-5.148,0,0.0457,181.186,4,0.658
A Donde Va El Amor,Orquesta Romance,Salsa,0.385,0.661,297013,0.709,8.95e-06,10,0.116,-5.928,1,0.0304,87.676,4,0.887
Amor De Papel,Tito Gomez,Salsa,0.449,0.811,296573,0.598,0.0,2,0.0693,-11.298,1,0.0479,88.324,4,0.952
Siempre Sere,Tito Rojas,Salsa,0.127,0.59,322467,0.534,0.0,0,0.393,-11.513,0,0.0333,165.465,4,0.897
Porque Te Amo,Nino Segarra,Salsa,0.162,0.701,306960,0.668,4.37e-05,2,0.0324,-7.822,0,0.0568,154.455,4,0.711
Dile A Ella,Víctor Manuelle,Salsa,0.351,0.467,305067,0.854,1.89e-06,2,0.313,-5.255,1,0.0955,184.996,4,0.709
Escombros,La Suprema Corte,Salsa,0.605,0.677,232160,0.886,0.00495,4,0.0679,-5.276,0,0.0477,175.98,4,0.866
Ella Se Hizo Deseo,Tito Rojas,Salsa,0.28,0.692,302827,0.563,0.000153,4,0.0896,-11.399,0,0.0384,170.717,4,0.895
A Donde Iras,Luisito Ayala Y La Puerto Rican Power,Salsa,0.52,0.615,306440,0.815,0.0,11,0.128,-4.572,0,0.0329,176.053,4,0.777
Juguete De Nadie,Luisito Ayala Y La Puerto Rican Power,Salsa,0.613,0.748,308733,0.478,0.0,5,0.0593,-17.141,1,0.0426,94.225,4,0.933
Eres La Unica,Nino Segarra,Salsa,0.313,0.683,367289,0.625,1.04e-05,0,0.228,-10.215,0,0.044,173.26,4,0.801
Te Propongo,Hector Rey,Salsa,0.782,0.811,277907,0.577,0.00531,5,0.223,-9.357,0,0.0364,94.034,4,0.865
Señora De Madrugada,Tito Rojas,Salsa,0.625,0.607,349600,0.682,9.74e-06,0,0.0489,-9.085,1,0.0327,177.367,4,0.95
Aparentemente,Tony Vega,Salsa,0.177,0.343,449640,0.828,1.34e-05,0,0.131,-9.308,1,0.0405,182.664,4,0.651
Los Olores del Amor,Amilcar Boscan,Salsa,0.331,0.7,255216,0.845,0.000177,2,0.108,-5.089,1,0.0299,90.061,4,0.72
Tu Me Quemas,Eddie Santiago,Salsa,0.455,0.718,280773,0.704,3.67e-05,5,0.0543,-10.007,0,0.0544,170.422,4,0.968
La Quiero A Morir,DLG,Salsa,0.294,0.725,302320,0.889,0.00311,4,0.252,-3.257,1,0.0471,99.672,4,0.924
Corazon Embustero,La Grande De Madrid,Salsa,0.62,0.576,371627,0.502,0.000721,7,0.125,-14.44,0,0.0352,177.042,4,0.953
Si Estuvieras Conmigo,Roberto Blades,Salsa,0.54,0.582,287093,0.666,0.0,0,0.288,-4.571,1,0.028,87.845,4,0.874
Que Nunca Me Falte,Orquesta Internacional Los Niches,Salsa,0.379,0.607,280933,0.641,3.04e-05,4,0.233,-6.008,0,0.0382,169.67,4,0.93
Ni Siquiera,Antonio Cartagena,Salsa,0.325,0.726,315272,0.902,0.0144,7,0.0744,-4.254,0,0.0939,177.116,4,0.962
Haremos El Amor,Tony Vega,Salsa,0.135,0.499,347413,0.874,0.0,0,0.84,-6.125,1,0.0424,180.793,4,0.632
Señora Ley,Conjunto Clásico,Salsa,0.556,0.561,252067,0.626,1.86e-06,0,0.0676,-8.853,0,0.0404,171.504,4,0.947
"Como Amigo Si, Como Amante No",Nino Segarra,Salsa,0.385,0.591,294893,0.671,0.0,4,0.157,-8.438,0,0.0504,92.742,4,0.583
Uno Se Cura,Raulin Rosendo,Salsa,0.566,0.803,332493,0.703,0.00066,7,0.0711,-7.58,1,0.0365,99.426,4,0.875
Amor De Una Noche (feat. Julio Voltio) - Remix Version,N'Klabe,Salsa,0.535,0.703,267347,0.752,0.0,1,0.126,-5.441,0,0.09,93.089,4,0.679
Oh Que Sera,Willie Colón,Salsa,0.698,0.55,303933,0.771,1.04e-06,0,0.0713,-6.107,1,0.0931,88.846,4,0.498
Nunca Te Falle,Anthony Cruz,Salsa,0.346,0.807,269773,0.461,3.33e-06,0,0.108,-13.433,1,0.0486,92.406,4,0.909
Corazon En Blanco,Roberto Lugo,Salsa,0.315,0.649,426640,0.777,1.7e-05,10,0.311,-6.944,0,0.0707,92.752,4,0.867
No Le Temas A El,Anthony Cruz,Salsa,0.338,0.784,324240,0.497,0.0,0,0.0789,-11.527,1,0.0338,96.155,4,0.894
Anuncio Clasificado Dámelo,Willie Rosario,Salsa,0.41,0.674,300016,0.697,0.000406,1,0.0415,-7.622,1,0.0412,85.53,4,0.902
A Pesar Del Tiempo,Mickey Taveras,Salsa,0.456,0.683,292850,0.79,0.0,7,0.175,-6.181,1,0.0323,160.052,4,0.935
A Que Saben Tus Besos,Anthony Cruz,Salsa,0.226,0.779,296000,0.57,0.0,0,0.0602,-10.917,1,0.0335,95.045,4,0.961
"Medley: Me Va, Me Va - Gwendoline - Abrazame - Quiero - A Veces Tu A Veces Yo - Me Va, Me Va (Instrumental) - Quiereme - Por El Amor De Una Mujer - Caballo Viejo - Me Va",La Grande De Madrid,Salsa,0.688,0.706,470067,0.453,0.000188,11,0.0544,-13.84,0,0.0397,90.762,4,0.91
Dile A El,Anthony Cruz,Salsa,0.0672,0.746,326040,0.497,1.5e-05,0,0.0402,-13.062,1,0.0355,98.022,4,0.939
Tengo Derecho a Ser Feliz,Junior Gonzalez,Salsa,0.742,0.67,346307,0.673,2.87e-05,0,0.13,-7.396,1,0.0343,175.905,4,0.928
Tu Sin Mi,Jehu El Rey,Salsa,0.487,0.74,245342,0.841,0.0,9,0.0617,-5.403,0,0.0421,90.969,4,0.962
Se No Perdio el Amor,El Gran Combo De Puerto Rico,Salsa,0.403,0.679,291973,0.95,0.0,0,0.0505,-2.645,0,0.0461,100.275,4,0.965
Culpame,Luisito Carrion,Salsa,0.647,0.566,295373,0.791,0.0,0,0.105,-5.536,1,0.0332,90.474,4,0.927
Si Entendieras,Alex Matos,Salsa,0.518,0.638,270360,0.956,3.71e-05,8,0.0635,-2.9,1,0.0563,93.994,4,0.863
Voy A Llenarte Toda - Salsa,El Gran Combo De New York,Salsa,0.572,0.571,282387,0.868,3.66e-06,8,0.0542,-3.211,1,0.0538,93.96,4,0.896
Comerte a Besos - Salsa Version,Frankie Negrón,Salsa,0.372,0.464,269800,0.848,0.0,11,0.421,-5.214,0,0.0698,97.747,4,0.657
Mi Gente,Héctor Lavoe,Salsa,0.368,0.517,328880,0.796,0.000221,3,0.123,-5.898,1,0.108,114.009,4,0.88
Mi Credo,Proyecto A,Salsa,0.504,0.602,273253,0.71,0.0,11,0.0904,-6.042,0,0.035,93.621,4,0.892
La Era de la Sinceridad,Amilcar Boscan,Salsa,0.47,0.57,269610,0.731,2.53e-05,5,0.308,-6.334,1,0.0383,173.041,4,0.929
Cuando Baje La Marea,Edgar Daniel,Salsa,0.603,0.667,283960,0.871,3.57e-05,2,0.044,-1.391,0,0.0745,191.112,4,0.787
Si Te Hubiera Conocido Ayer,Victor Waill,Salsa,0.466,0.554,267453,0.924,0.00694,9,0.0618,-4.423,0,0.0425,93.0,4,0.957
Jardín Prohibido,Grupo Meneo,Salsa,0.144,0.55,328467,0.846,6.93e-05,3,0.0421,-4.314,1,0.0284,158.228,4,0.829
Cuando No Es Contigo,Kim De Los Santos,Salsa,0.411,0.602,286800,0.629,6.2e-05,0,0.195,-6.195,1,0.037,162.859,4,0.569
Tu Amor Fue Diferente,David Kada,Salsa,0.123,0.747,243733,0.896,0.00101,8,0.172,-5.156,1,0.0387,103.958,4,0.971
Volvere,DLG,Salsa,0.272,0.699,289787,0.721,9.01e-06,1,0.28,-5.635,1,0.0379,99.741,4,0.604
Una Fan Enamorada - Salsa,Servando & Florentino,Salsa,0.552,0.673,291627,0.863,0.000336,0,0.121,-3.403,1,0.0511,91.364,4,0.751
La Última Noche,Revolucion Salsera,Salsa,0.187,0.734,242756,0.878,0.000668,9,0.077,-4.761,0,0.04,114.025,4,0.965
Le Hace Falta Un Beso,Pakolé,Salsa,0.64,0.712,252187,0.948,0.0,1,0.0649,-4.267,0,0.0474,102.047,4,0.958
A Escondida,Sexappeal,Salsa,0.281,0.608,274560,0.794,0.0,0,0.34,-3.082,1,0.0424,92.379,4,0.806
Yo Soy Aquel,Louie Ramirez - Ray de La Paz,Salsa,0.382,0.547,370400,0.604,0.000226,9,0.317,-11.281,0,0.0453,101.07,4,0.602
El Jardin Prohibido,Alex Bueno,Salsa,0.637,0.523,325907,0.484,0.0,3,0.0496,-12.857,1,0.045,160.625,4,0.917
Amor Imposible,La Solucion,Salsa,0.509,0.595,357956,0.877,0.0,7,0.0848,-4.847,1,0.0362,102.026,4,0.942
Cómo Te Hago Entender,Protagonistas De La Salsa,Salsa,0.743,0.699,316813,0.927,3.1e-06,7,0.231,-0.858,0,0.0381,87.042,4,0.892
Lloraras,Oscar D'León,Salsa,0.582,0.708,221008,0.709,0.000516,9,0.0717,-7.555,1,0.0472,96.046,4,0.962
Me Tengo Que Ir,Adolescent's Orquesta,Salsa,0.356,0.464,283129,0.799,0.0,2,0.286,-3.275,0,0.0375,96.839,4,0.856
Ven devorame otra vez (Salsa),Lalo Rodriguez,Salsa,0.647,0.719,314040,0.744,0.000123,5,0.328,-5.586,0,0.0359,84.591,4,0.967
Anhelo,Adolescent's Orquesta,Salsa,0.5,0.74,248947,0.525,4.13e-06,8,0.106,-13.082,1,0.0458,91.148,4,0.804
Yo No Sé Mañana,Luis Enrique,Salsa,0.649,0.653,259853,0.827,0.0,4,0.18,-3.206,0,0.042,95.223,4,0.733
Tu Amor Me Hace Bien - Salsa Version,Marc Anthony,Salsa,0.398,0.691,300160,0.658,4.58e-05,0,0.112,-6.496,1,0.0359,97.68,4,0.617
Que Locura Enamorarme De Ti,Eddie Santiago,Salsa,0.698,0.776,309573,0.822,0.0,1,0.103,-5.663,1,0.0416,93.559,4,0.953
Fabricando Fantasías - Salsa Version,Tito Nieves,Salsa,0.244,0.726,272267,0.857,0.0,9,0.108,-3.264,1,0.0424,90.74,4,0.928
Vivir Lo Nuestro,LA INDIA,Salsa,0.619,0.621,366360,0.723,0.0,10,0.916,-4.944,0,0.0393,91.204,4,0.782
Flor Pálida,Marc Anthony,Salsa,0.659,0.574,280453,0.802,5.07e-06,7,0.0765,-3.976,1,0.0316,93.537,4,0.739
Amores Como el Nuestro - Radio Version,Jerry Rivera,Salsa,0.592,0.662,245787,0.796,0.00328,0,0.0891,-4.089,1,0.0433,179.403,4,0.631
Celos,Marc Anthony,Salsa,0.267,0.599,283907,0.812,0.0,5,0.0498,-2.399,1,0.0497,91.928,4,0.541
La Cura,Frankie Ruiz,Salsa,0.741,0.8,298400,0.642,0.000201,4,0.0536,-5.371,0,0.0416,92.548,4,0.843
A Puro Dolor - Salsa Version,Son By Four,Salsa,0.331,0.469,262507,0.869,1.09e-06,1,0.397,-5.366,1,0.0462,92.506,4,0.578
Una Aventura,Grupo Niche,Salsa,0.242,0.543,315907,0.912,0.00353,0,0.0885,-6.889,1,0.0366,92.503,4,0.67
Mi Libertad,Frankie Ruiz,Salsa,0.222,0.835,270053,0.767,0.0,5,0.0644,-6.708,0,0.0425,93.299,4,0.933
Lluvia,Eddie Santiago,Salsa,0.397,0.656,296040,0.852,5.39e-05,5,0.0834,-4.857,0,0.0359,165.093,4,0.803
Que Locura Enamorarme De Ti,Eddie Santiago,Salsa,0.694,0.773,310227,0.816,0.0,1,0.0724,-6.368,1,0.0408,93.579,4,0.957
Tú Me Haces Falta,Eddie Santiago,Salsa,0.195,0.626,279173,0.88,7.47e-05,2,0.208,-2.935,1,0.0307,161.596,4,0.908
Mía,Eddie Santiago,Salsa,0.446,0.628,281667,0.835,8.26e-06,2,0.0918,-3.125,1,0.044,159.067,4,0.946
Me Fallaste,Eddie Santiago,Salsa,0.151,0.622,304133,0.946,0.0123,1,0.226,-3.067,1,0.0477,92.557,4,0.913
Tú Me Quemas,Eddie Santiago,Salsa,0.487,0.737,299480,0.843,0.0,5,0.048,-2.383,0,0.0427,171.183,4,0.907
Amantes Cobardes,Willie Gonzales,Salsa,0.58,0.615,301010,0.767,0.000368,5,0.0812,-4.722,0,0.031,87.003,4,0.824
Aquel Viejo Motel,David Pabon,Salsa,0.662,0.688,310826,0.751,0.000411,2,0.069,-9.208,1,0.0349,91.435,4,0.774
Mi Credo,Proyecto A,Salsa,0.444,0.724,280058,0.721,0.0,11,0.146,-5.979,0,0.0332,93.923,4,0.892
Mi Media Mitad,Rey Ruiz,Salsa,0.123,0.656,293282,0.702,0.0,0,0.268,-7.371,1,0.0306,154.096,4,0.789
Se Parecio Tanto a Ti,Grupo Niche,Salsa,0.566,0.586,332450,0.833,0.000373,0,0.0989,-6.645,1,0.0374,175.71,4,0.692
Todo Empezo,Eddie Santiago,Salsa,0.606,0.734,297530,0.655,0.000209,7,0.313,-10.805,1,0.0457,85.716,4,0.904
Si Me Ves Llorar Por Ti,David Pabon,Salsa,0.427,0.643,324718,0.844,0.000213,10,0.0791,-5.746,0,0.0361,90.645,4,0.532
Hasta El Sol De Hoy,Edgar Joel,Salsa,0.189,0.646,279242,0.802,0.0,2,0.114,-7.995,1,0.0349,168.268,4,0.844
Hechizo De Luna,Edgar Joel,Salsa,0.283,0.694,296858,0.656,0.0,8,0.0927,-9.582,1,0.0362,160.894,4,0.908
Hazme Olvidarla,Willie Gonzales,Salsa,0.563,0.735,319370,0.56,1.02e-05,0,0.154,-10.597,1,0.0378,87.78,4,0.826
No Me Acostumbro,Rey Ruiz,Salsa,0.63,0.666,291434,0.767,1.76e-06,5,0.372,-8.457,0,0.0499,172.862,4,0.938
Se Acabo El Amor,Orquesta Los Adolecentes,Salsa,0.472,0.71,246726,0.761,0.0,0,0.307,-5.168,0,0.0487,153.023,4,0.905
Quien Entiende Este Amor,Galy Galiano,Salsa,0.242,0.717,302800,0.909,0.000308,0,0.296,-5.604,1,0.0404,89.779,4,0.749
Ven Devorame Otra Vez,Lalo Rodriguez,Salsa,0.537,0.655,325946,0.789,1.78e-05,9,0.0502,-6.361,0,0.0924,162.424,4,0.85
Aquel Lugar,Orquesta Los Adolecentes,Salsa,0.253,0.728,230212,0.783,0.0,4,0.322,-3.018,0,0.0427,92.098,4,0.75
Lloraras,Oscar D'León,Salsa,0.643,0.727,228674,0.785,0.00106,8,0.0389,-8.189,1,0.0483,93.219,4,0.963
Lobo Domesticado,Tommy Olivencia,Salsa,0.342,0.685,292851,0.855,7.11e-06,7,0.108,-2.57,1,0.0422,97.277,4,0.819
Que Sera de Ti,Mickey Taveras,Salsa,0.361,0.696,278733,0.716,4.66e-06,0,0.277,-6.837,1,0.0379,96.981,4,0.665
Y No Puedo,Frankie Ruiz,Salsa,0.627,0.64,274835,0.67,0.0,7,0.32,-4.716,0,0.0318,98.777,4,0.71
Mar de Dudas,Mickey Taveras,Salsa,0.502,0.474,332040,0.796,3.67e-05,0,0.146,-6.072,1,0.0415,167.006,4,0.751
Quiero Morir En Tu Piel,Willie Gonzalez,Salsa,0.628,0.656,376733,0.57,0.0,11,0.332,-13.81,0,0.0414,97.156,4,0.898
Amiga,Rey Ruiz,Salsa,0.747,0.529,279947,0.648,0.0,11,0.158,-7.895,0,0.0399,159.036,4,0.808
Amores como el nuestro (Salsa),Jerry Rivera,Salsa,0.457,0.692,305293,0.769,0.0992,0,0.0413,-7.002,1,0.0499,179.353,4,0.603
Casi un Hechizo,Jerry Rivera,Salsa,0.714,0.68,222947,0.715,1.18e-05,0,0.0541,-3.052,1,0.0409,92.992,4,0.839
Qué Hay de Malo,Jerry Rivera,Salsa,0.598,0.735,298640,0.61,0.0,1,0.0541,-8.635,1,0.0439,91.951,4,0.789
Tú Con Él,Frankie Ruiz,Salsa,0.194,0.826,303293,0.786,0.00047,7,0.211,-5.704,1,0.051,95.428,4,0.961
Una Aventura,Grupo Niche,Salsa,0.297,0.7,316387,0.891,0.00212,0,0.0987,-8.519,1,0.0354,92.872,4,0.724
Se Pareció Tanto a Ti - Radio Version,Grupo Niche,Salsa,0.51,0.558,226973,0.906,2.71e-05,0,0.144,-4.246,1,0.0455,175.749,4,0.409
Sin Sentimientos,Grupo Niche,Salsa,0.414,0.61,294280,0.684,1.33e-06,2,0.234,-7.733,0,0.0342,82.771,4,0.619
Hagamos Lo Que Diga El Corazón,Grupo Niche,Salsa,0.205,0.599,304333,0.927,0.00512,11,0.286,-6.865,1,0.0475,179.902,4,0.896
Un Alto en el Camino,Grupo Niche,Salsa,0.552,0.655,288120,0.712,0.00179,7,0.384,-8.382,1,0.0656,176.778,4,0.668
La Magia De Tus Besos,Grupo Niche,Salsa,0.555,0.722,285147,0.74,0.00295,7,0.0916,-9.471,1,0.0423,160.215,4,0.789
Duele Más,Grupo Niche,Salsa,0.583,0.649,339147,0.63,0.00494,5,0.24,-8.996,1,0.0558,178.584,4,0.741
Busca Por Dentro,Grupo Niche,Salsa,0.0916,0.683,354093,0.847,0.00119,5,0.315,-2.965,0,0.0317,85.991,4,0.804
Ana Milé,Grupo Niche,Salsa,0.481,0.743,339547,0.789,0.00122,10,0.222,-5.161,0,0.0394,89.888,4,0.752
Dile a Ella,Víctor Manuelle,Salsa,0.356,0.524,304440,0.855,1.62e-06,2,0.256,-5.011,1,0.0674,90.622,4,0.735
Aquél Viejo Motel,David Pabon,Salsa,0.615,0.673,308840,0.808,0.00011,2,0.092,-4.172,1,0.0283,91.337,4,0.721
Fabricando Fantasías,Tito Nieves,Salsa,0.244,0.722,274373,0.755,0.0,9,0.113,-7.646,1,0.0457,90.684,4,0.943
Casi Te Envidio,Andy Montañez,Salsa,0.446,0.677,319147,0.576,0.0,7,0.105,-10.355,1,0.1,95.565,4,0.873
Bella Y Cruel,Eddie Santiago,Salsa,0.498,0.673,272507,0.664,0.000645,7,0.205,-7.817,1,0.0341,87.622,4,0.492
Lobo Domesticado,David Pabon,Salsa,0.529,0.703,294667,0.774,0.000332,2,0.0607,-8.879,1,0.0501,97.652,4,0.764
Cinco Noches,Paquito Guzman,Salsa,0.418,0.656,310213,0.715,0.000108,8,0.201,-6.136,0,0.0477,97.559,4,0.92
Lady Laura,Raulin Rosendo,Salsa,0.565,0.816,300107,0.73,5.33e-06,9,0.0554,-6.392,0,0.0426,93.511,4,0.861
Amame en Camara Lenta,Cano Estremera,Salsa,0.449,0.647,384187,0.806,1.5e-05,10,0.0731,-3.934,0,0.0435,88.11,4,0.734
Que Hare Sin Ti,Grupo Caneo,Salsa,0.112,0.646,266773,0.884,6.61e-06,8,0.0441,-3.809,1,0.0375,164.316,4,0.719
Hasta El Sol De Hoy,Edgar Joel,Salsa,0.56,0.604,283080,0.738,7.62e-05,2,0.0931,-9.335,1,0.0322,83.983,4,0.827
Si Supieras,Pedro Conga,Salsa,0.717,0.739,309053,0.689,2.77e-06,7,0.295,-4.406,0,0.0388,91.518,4,0.844
A Donde Iras,Luisito Ayala Y La Puerto Rican Power,Salsa,0.566,0.637,308733,0.666,2.32e-06,11,0.0642,-9.904,0,0.0366,176.07,4,0.896
Nadie Igual Que Tu,Maelo Ruiz,Salsa,0.634,0.644,339800,0.74,1.29e-06,11,0.0726,-7.357,0,0.0353,169.698,4,0.887
Así Eres Tú,Maelo Ruiz,Salsa,0.408,0.715,265733,0.864,0.0,2,0.097,-4.112,1,0.0589,173.45,4,0.673
Y Que Me Pasa - Salsa Version,Mickey Taveras,Salsa,0.551,0.722,303307,0.805,3.56e-06,8,0.0485,-6.654,1,0.0331,155.143,4,0.788
