Cancion,Artista,categoria,acousticness,danceability,duration_ms,energy,instrumentalness,key,liveness,loudness,mode,speechiness,tempo,time_signature,valence
Sexual Healing,Marvin Gaye,soul,0.119,0.805,238600,0.602,0.000122,0,0.0581,-9.7,0,0.0579,94.382,4,0.744
I've Got Love On My Mind,Natalie Cole,soul,0.576,0.363,258427,0.503,0.000661,8,0.0734,-7.842,1,0.0395,205.583,3,0.452
Here and Now,Luther Vandross,soul,0.531,0.578,322760,0.405,0.0,7,0.0886,-9.178,1,0.0262,75.08,4,0.232
How 'Bout Us - Single Version,Champaign,soul,0.519,0.589,199333,0.488,4.75e-06,10,0.0512,-11.405,0,0.0352,72.723,4,0.611
Tonight I Celebrate My Love,Peabo Bryson,soul,0.874,0.47,211400,0.228,2.48e-05,3,0.133,-13.651,1,0.0316,116.947,4,0.14
Always and Forever - Edit,Heatwave,soul,0.125,0.338,287267,0.175,8.8e-05,2,0.108,-17.104,1,0.0319,152.604,3,0.201
Rock Me Tonight (For Old Times Sake),Freddie Jackson,soul,0.415,0.714,244227,0.613,0.0,1,0.0598,-6.627,1,0.0381,143.933,4,0.524
You Are My Starship,Norman Connors,soul,0.501,0.429,270267,0.523,0.011,0,0.216,-7.155,0,0.0429,74.509,4,0.256
If You Don't Know Me by Now (feat. Teddy Pendergrass),Harold Melvin & The Blue Notes,soul,0.659,0.467,205573,0.371,6.67e-05,11,0.756,-12.514,1,0.0322,93.681,3,0.478
Let Me Make Love To You,The O'Jays,soul,0.338,0.345,217867,0.504,1.47e-06,10,0.483,-10.564,1,0.0631,176.412,3,0.523
Shower Me With Your Love,Surface,soul,0.523,0.632,294960,0.356,5.76e-06,9,0.0961,-10.811,1,0.0309,131.28,4,0.197
Oh Girl,The Chi-Lites,soul,0.296,0.422,217520,0.486,0.0,0,0.108,-9.866,0,0.0282,134.587,4,0.53
Shining Star,The Manhattans,soul,0.0291,0.551,279400,0.432,0.0,9,0.0563,-11.717,1,0.0379,74.513,4,0.617
Love You Down,Ready For The World,soul,0.137,0.694,391210,0.465,0.00218,4,0.0735,-6.911,0,0.0409,129.436,4,0.267
Make It Like It Was,Regina Belle,soul,0.779,0.431,307840,0.411,4.38e-06,6,0.129,-7.814,1,0.0307,120.535,4,0.181
"Too Much, Too Little, Too Late",Deniece Williams,soul,0.445,0.5,178800,0.438,4.29e-05,3,0.102,-13.771,1,0.0481,77.57,4,0.715
Three Times A Lady,Commodores,soul,0.874,0.39,217427,0.0803,0.000639,8,0.127,-20.518,1,0.0306,150.503,3,0.184
Cruisin',Smokey Robinson,soul,0.216,0.473,353520,0.62,0.0,4,0.352,-6.908,1,0.029,168.914,4,0.673
After the Love Has Gone,"Earth, Wind & Fire",soul,0.532,0.424,278040,0.443,0.000389,6,0.673,-13.45,1,0.0382,131.675,4,0.391
Can You Stop The Rain,Peabo Bryson,soul,0.351,0.657,335107,0.459,0.0,3,0.115,-10.011,0,0.0311,119.949,4,0.113
Shake You Down,Gregory Abbott,soul,0.5,0.783,244373,0.391,0.0,11,0.3,-13.154,0,0.0283,94.949,4,0.807
Me and Mrs. Jones,Billy Paul,soul,0.479,0.416,285293,0.404,0.000105,0,0.056,-14.133,0,0.0373,100.423,1,0.413
Float On,The Floaters,soul,0.268,0.542,708867,0.53,0.000774,7,0.221,-14.192,1,0.0267,96.031,4,0.616
Power of Love / Love Power,Luther Vandross,soul,0.0137,0.512,402467,0.87,0.000294,0,0.0594,-9.686,1,0.0488,184.551,4,0.93
If Only You Knew,Patti LaBelle,soul,0.853,0.511,287320,0.355,0.000502,4,0.0824,-11.614,1,0.0436,132.729,4,0.178
Stairway to Heaven,The O'Jays,soul,0.387,0.413,376773,0.434,0.000576,0,0.692,-10.36,1,0.035,113.91,4,0.348
Distant Lover,Marvin Gaye,soul,0.355,0.474,255977,0.349,0.000194,4,0.0617,-12.969,1,0.0266,141.929,3,0.571
Reunited,Peaches & Herb,soul,0.614,0.607,340867,0.462,8.42e-06,5,0.0724,-10.004,0,0.0287,75.752,4,0.346
La-La Means I Love You,The Delfonics,soul,0.789,0.552,199707,0.421,0.0,2,0.282,-9.5,1,0.0265,85.523,4,0.632
You Should Be Mine (The Woo Woo Song),Jeffrey Osborne,soul,0.699,0.725,266333,0.627,0.000913,0,0.0985,-10.7,1,0.0441,88.903,4,0.799
Save The Best For Last,Vanessa Williams,soul,0.609,0.529,219133,0.268,0.0,3,0.2,-14.49,1,0.0274,95.999,4,0.223
Just To Be Close To You,Commodores,soul,0.638,0.471,381867,0.418,0.0,0,0.0651,-8.36,1,0.038,98.732,3,0.301
If I Were Your Woman,Gladys Knight & The Pips,soul,0.47,0.433,192360,0.627,0.0818,6,0.503,-9.376,1,0.0349,75.379,4,0.748
Just My Imagination (Running Away With Me),The Temptations,soul,0.921,0.442,233373,0.238,0.104,0,0.123,-14.307,1,0.0271,91.447,4,0.432
You Don't Have To Cry,Rene & Angela,soul,0.375,0.59,335173,0.48,5.73e-05,5,0.39,-12.271,0,0.0537,73.172,4,0.669
"Can't Get Enough Of Your Love, Babe",Barry White,soul,0.202,0.74,270333,0.605,0.000107,5,0.0515,-10.924,1,0.0539,111.78,4,0.779
Let's Stay Together,Al Green,soul,0.606,0.746,199400,0.273,0.0168,5,0.0526,-16.63,1,0.0573,101.952,4,0.502
Reasons,"Earth, Wind & Fire",soul,0.33,0.602,298627,0.44,0.0,3,0.203,-9.912,1,0.0395,126.63,4,0.587
Special Lady,"Ray, Goodman & Brown",soul,0.463,0.551,252800,0.447,3.73e-06,9,0.189,-12.293,1,0.0401,84.175,4,0.558
I'll Be Good To You,The Brothers Johnson,soul,0.383,0.719,287467,0.864,0.000113,11,0.0794,-5.331,0,0.0395,98.274,4,0.937
"Cherish - 12"" Version",Kool & The Gang,soul,0.416,0.61,340200,0.56,0.0,1,0.309,-9.367,1,0.0238,95.112,4,0.381
You Are My Lady,Freddie Jackson,soul,0.454,0.706,285267,0.259,0.0,10,0.113,-15.974,1,0.0424,91.403,4,0.367
Love Ballad,L.T.D.,soul,0.485,0.568,277227,0.561,8.85e-05,6,0.155,-7.32,0,0.0335,77.925,4,0.338
Dream Merchant,The New Birth,soul,0.341,0.425,265467,0.605,1.24e-06,5,0.0947,-11.212,0,0.0794,152.119,4,0.47
"Endless Love - From ""The Endless Love"" Soundtrack",Lionel Richie,soul,0.665,0.456,266267,0.332,0.000248,10,0.138,-9.775,1,0.025,93.633,4,0.237
Piano In The Dark,Brenda Russell,soul,0.403,0.729,320800,0.316,8.55e-05,0,0.0998,-17.054,0,0.0248,99.729,4,0.432
Bump n' Grind,R. Kelly,soul,0.0984,0.621,256133,0.481,0.0,11,0.241,-8.016,1,0.0371,65.004,4,0.679
Do Me Again - Let Freddie Do You Edit,Freddie Jackson,soul,0.0621,0.609,298627,0.46,1.34e-06,0,0.0738,-14.432,1,0.0823,78.314,4,0.53
Weak,SWV,soul,0.107,0.693,291907,0.533,0.0,2,0.0695,-10.954,0,0.0402,127.661,4,0.568
I'll Make Love To You,Boyz II Men,soul,0.0995,0.567,236773,0.501,0.0,2,0.0986,-8.038,1,0.0241,142.589,3,0.2
Who Can I Run To,Xscape,soul,0.483,0.71,216333,0.545,0.0,4,0.0644,-9.599,1,0.0588,140.233,4,0.632
All The Things (Your Man Won't Do),Joe,soul,0.247,0.573,380533,0.679,0.0,3,0.321,-6.774,0,0.0423,66.215,4,0.648
I Wanna Sex You Up,Color Me Badd,soul,0.00532,0.553,240200,0.702,4.99e-06,2,0.0446,-4.829,1,0.108,201.868,4,0.453
Close To You,Maxi Priest,soul,0.0105,0.762,330080,0.646,2.14e-06,10,0.0406,-8.69,0,0.092,95.992,4,0.819
Smooth Operator,Sade,soul,0.367,0.794,298893,0.56,0.0107,9,0.0371,-6.491,0,0.0319,119.813,4,0.963
Crazy Love,Brian McKnight,soul,0.21,0.677,241933,0.497,0.0,9,0.117,-8.312,1,0.0259,130.126,4,0.338
Tell Me What You Want Me to Do,Tevin Campbell,soul,0.0233,0.609,256040,0.551,0.0,6,0.234,-7.93,1,0.0291,127.956,4,0.512
Ready Or Not,After 7,soul,0.0966,0.733,275827,0.566,0.0,8,0.074,-12.06,0,0.039,141.94,4,0.775
It's All About You,Luther Vandross,soul,0.472,0.625,327920,0.52,0.0,3,0.116,-6.831,1,0.0314,120.879,4,0.251
Masterpiece,Atlantic Starr,soul,0.492,0.642,295347,0.448,1.68e-05,5,0.0646,-10.417,0,0.0259,137.832,4,0.285
Every Time I Close My Eyes (with Kenny G),Babyface,soul,0.0624,0.654,296267,0.417,0.0,5,0.0963,-7.699,1,0.025,143.676,4,0.279
I Like The Way,Hi-Five,soul,0.0595,0.724,350267,0.692,0.0108,1,0.0316,-5.109,1,0.0333,104.086,4,0.732
Last Night,Az Yet,soul,0.428,0.555,269027,0.543,0.0,3,0.105,-8.874,0,0.0272,164.021,4,0.359
Forever My Lady,Jodeci,soul,0.136,0.707,320360,0.5,0.0,9,0.237,-15.198,0,0.0387,117.997,4,0.77
Rock Wit'cha,Bobby Brown,soul,0.0306,0.685,289533,0.547,1.05e-05,11,0.0694,-12.417,0,0.0487,77.509,4,0.909
Stroke You Up,Changing Faces,soul,0.278,0.73,216546,0.731,0.0,3,0.258,-3.438,0,0.0279,131.396,4,0.649
Freak Me,Silk,soul,0.0295,0.697,274533,0.608,0.0,4,0.276,-10.976,0,0.0463,133.879,4,0.725
Lately,Tyrese,soul,0.0761,0.541,266533,0.701,0.0,7,0.0763,-7.287,0,0.102,80.057,4,0.334
At Your Best (You Are Love),Aaliyah,soul,0.761,0.626,291400,0.441,0.0138,9,0.0685,-10.637,0,0.0308,78.094,4,0.563
Get Here,Oleta Adams,soul,0.771,0.28,276733,0.211,0.0,10,0.125,-16.333,1,0.0357,74.106,3,0.223
I'm Gonna Love You Just A Little More Baby,Barry White,soul,0.0154,0.61,428867,0.537,0.0067,7,0.08,-10.551,0,0.036,88.101,4,0.83
One in a Million You,Larry Graham,soul,0.684,0.507,251386,0.257,5.4e-06,10,0.181,-12.855,1,0.0292,71.448,4,0.171
Until You Come Back to Me (That's What I'm Gonna Do),Aretha Franklin,soul,0.624,0.68,206213,0.54,0.000908,2,0.116,-9.831,1,0.0275,94.548,4,0.718
One Hundred Ways,Quincy Jones,soul,0.846,0.632,259507,0.418,6.05e-05,8,0.107,-10.758,1,0.0483,90.131,4,0.38
Baby Come To Me,Regina Belle,soul,0.104,0.381,249973,0.707,0.0,0,0.369,-8.869,0,0.162,167.817,4,0.605
What You Won't Do For Love,Bobby Caldwell,soul,0.56,0.643,285773,0.509,0.00107,6,0.165,-12.46,1,0.0911,84.096,4,0.794
Tender Love,Force M.D.'s,soul,0.765,0.34,234053,0.336,0.000114,8,0.126,-7.288,1,0.0289,142.631,4,0.0932
That's the Way of the World,"Earth, Wind & Fire",soul,0.613,0.576,343360,0.583,0.0249,6,0.582,-9.99,1,0.0483,82.03,4,0.747
Love on a Two Way Street,Stacy Lattisaw,soul,0.38,0.582,251347,0.372,0.0026,4,0.114,-13.638,1,0.0273,140.213,4,0.502
Didn't I Blow Your Mind This Time,The Delfonics,soul,0.714,0.53,200933,0.454,8.57e-06,9,0.107,-10.265,1,0.028,140.586,4,0.289
Misty Blue,Dorothy Moore,soul,0.7,0.39,222400,0.236,0.00795,3,0.0843,-14.688,1,0.0291,173.154,3,0.546
Love Don't Love Nobody,The Spinners,soul,0.722,0.492,217040,0.296,0.000323,5,0.128,-13.87,1,0.0293,141.468,3,0.251
I Want to Be Your Man,Roger,soul,0.0545,0.574,252960,0.556,0.0,8,0.0583,-7.582,1,0.0471,164.067,4,0.503
As We Lay,Shirley Murdock,soul,0.471,0.492,359000,0.286,0.0,8,0.245,-12.118,1,0.0367,73.823,4,0.196
Can't Get over You,Maze,soul,0.567,0.621,317027,0.652,4.48e-05,11,0.594,-8.649,0,0.0326,93.137,4,0.553
Truly,Lionel Richie,soul,0.451,0.339,200413,0.291,2.83e-06,1,0.0921,-9.841,1,0.0326,137.385,4,0.198
Sideshow,Blue Magic,soul,0.837,0.586,251520,0.337,0.0,7,0.628,-13.165,1,0.0347,133.229,4,0.543
Love Won't Let Me Wait - 45 Version,Major Harris,soul,0.917,0.597,227640,0.291,3.05e-05,11,0.122,-13.837,0,0.0352,115.666,1,0.226
Superwoman,Karyn White,soul,0.322,0.623,347453,0.722,0.0,8,0.159,-5.612,1,0.0321,138.357,4,0.653
Always,Atlantic Starr,soul,0.403,0.606,288493,0.532,0.000904,7,0.356,-6.759,1,0.0256,130.945,4,0.327
I Do Love You,G.Q.,soul,0.0343,0.465,288733,0.48,2.93e-06,7,0.0427,-13.653,1,0.202,184.611,4,0.365
You Are Everything,The Stylistics,soul,0.854,0.496,175240,0.629,0.0,2,0.617,-7.492,0,0.0428,142.673,4,0.705
Pillow Talk,Sylvia,soul,0.00796,0.719,265600,0.572,2.47e-05,2,0.0946,-10.666,1,0.0356,109.515,4,0.676
Just The Two Of Us,"Grover Washington, Jr.",soul,0.42,0.787,237667,0.326,0.0265,1,0.0514,-14.809,1,0.0836,95.892,4,0.608
Can You Stand The Rain,New Edition,soul,0.676,0.556,286533,0.561,0.00827,8,0.1,-9.008,1,0.0316,143.274,4,0.716
All My Life,K-Ci & JoJo,soul,0.114,0.629,331240,0.511,3.91e-06,1,0.0588,-8.651,1,0.0326,128.038,4,0.181
Anytime,Brian McKnight,soul,0.0188,0.747,273438,0.44,0.000817,6,0.0397,-8.463,1,0.0314,129.834,4,0.507
Back At One,Brian McKnight,soul,0.452,0.661,263667,0.346,0.0,11,0.131,-9.115,1,0.03,129.752,4,0.256
Between the Sheets,The Isley Brothers,soul,0.621,0.716,338573,0.435,0.0,0,0.0662,-10.502,1,0.114,83.925,4,0.489
No Ordinary Love - Remastered,Sade,soul,0.638,0.618,438707,0.486,0.00883,11,0.0918,-10.415,0,0.0396,166.112,4,0.766
Careless Whisper,George Michael,soul,0.13,0.574,300107,0.628,0.0,2,0.271,-8.815,0,0.036,153.119,4,0.803
Computer Love,Zapp,soul,0.279,0.668,282480,0.698,0.0,7,0.554,-7.222,0,0.123,84.578,4,0.71
Pony,Ginuwine,soul,0.00186,0.749,251733,0.605,0.0381,8,0.115,-9.359,0,0.086,142.024,4,0.966
Turn off the Lights,Teddy Pendergrass,soul,0.467,0.62,354693,0.483,8.92e-06,4,0.423,-9.775,0,0.0349,119.993,4,0.665
Don't Say Goodnight (It's Time for Love) - Part I & 2,The Isley Brothers,soul,0.871,0.472,345933,0.219,0.0221,9,0.182,-12.36,1,0.0383,137.357,5,0.295
Juicy Fruit,Mtume,soul,0.15,0.88,272400,0.527,0.0447,4,0.0288,-8.122,1,0.133,96.863,4,0.789
You,Jesse Powell,soul,0.299,0.722,318467,0.327,0.000661,0,0.0549,-9.612,0,0.026,112.249,4,0.266
Nobody (feat. Athena Cage),Keith Sweat,soul,0.484,0.699,264773,0.492,0.0,9,0.0482,-9.449,0,0.0318,117.907,4,0.388
Say It,Tory Lanez,soul,0.0874,0.558,236893,0.521,2.99e-06,11,0.21,-10.125,0,0.0551,107.299,4,0.287
Through the Fire,Chaka Khan,soul,0.192,0.563,288653,0.593,1.85e-05,8,0.145,-7.099,1,0.0322,130.744,4,0.428
Human,The Human League,soul,0.049,0.625,265320,0.572,0.00151,8,0.0939,-9.095,1,0.0251,101.355,4,0.36
Money Can't Buy It,Annie Lennox,soul,0.147,0.622,298893,0.539,0.00365,10,0.101,-9.698,1,0.0375,87.0,4,0.414
Make It Last Forever (with Jacci McGhee),Keith Sweat,soul,0.029,0.497,297400,0.614,0.0,4,0.59,-8.758,0,0.0738,168.245,4,0.497
Can't Hide Love,"Earth, Wind & Fire",soul,0.458,0.53,247067,0.398,0.00957,3,0.0832,-12.359,0,0.0341,77.944,4,0.456
End Of The Road,Boyz II Men,soul,0.067,0.64,348893,0.421,0.0,5,0.0614,-9.298,0,0.0246,74.836,3,0.478
Knockin da Boots,H-Town,soul,0.158,0.741,331050,0.506,0.0,1,0.0686,-13.71,0,0.153,127.984,4,0.605
Sweet Love,Anita Baker,soul,0.36,0.508,266173,0.523,0.0,10,0.0845,-11.754,0,0.0231,89.254,4,0.666
All This Love,DeBarge,soul,0.171,0.476,250840,0.597,5.95e-06,5,0.0965,-7.24,0,0.0477,187.177,4,0.404
Sweet Thing,Rufus,soul,0.725,0.71,200147,0.387,0.00617,9,0.113,-12.82,1,0.0484,80.557,4,0.806
Put It On Paper,Al Green,soul,0.0992,0.61,307267,0.643,0.0,1,0.107,-4.941,0,0.0937,128.9,4,0.517
If It Isn't Love,New Edition,soul,0.0915,0.588,309840,0.856,2.62e-05,5,0.365,-12.418,0,0.0378,97.968,4,0.781
Nite and Day,Al B. Sure!,soul,0.029,0.655,238013,0.477,0.000221,1,0.0518,-9.616,0,0.0421,92.097,4,0.642
Songbird,Kenny G,soul,0.0561,0.46,303267,0.479,0.875,7,0.117,-9.261,1,0.0311,135.289,4,0.109
Piece Of My Love,Guy,soul,0.136,0.695,315640,0.316,0.0,6,0.0706,-16.669,1,0.0511,75.157,4,0.828
Differences,Ginuwine,soul,0.335,0.622,265813,0.492,0.0,3,0.222,-8.305,0,0.0665,63.06,4,0.425
Love's Theme,The Love Unlimited Orchestra,soul,0.028,0.606,251067,0.648,0.64,2,0.193,-10.488,1,0.0336,97.179,4,0.763
"Never, Never Gonna Give Ya Up",Barry White,soul,0.099,0.561,250267,0.846,0.0,2,0.252,-7.993,0,0.0523,84.696,4,0.908
What Am I Gonna Do With You,Barry White,soul,0.105,0.637,218360,0.908,0.0103,5,0.0465,-8.59,1,0.0331,114.263,4,0.901
"You're The First, The Last, My Everything - Single Version",Barry White,soul,0.0107,0.637,212867,0.717,0.000202,5,0.132,-6.453,1,0.0436,130.898,4,0.812
On My Own,Patti LaBelle,soul,0.337,0.62,290840,0.402,6.13e-05,5,0.312,-12.964,1,0.0264,92.093,4,0.483
Don't Look Any Further - Single Version,Dennis Edwards,soul,0.0445,0.757,244160,0.578,0.0052,9,0.0685,-10.504,0,0.0404,95.151,4,0.924
A Heart Is A House For Love,The 5 Heartbeats,soul,0.0846,0.587,371640,0.606,6.47e-06,0,0.692,-10.171,1,0.0853,152.19,4,0.631
Nothing But Love,The 5 Heartbeats,soul,0.0805,0.796,162467,0.726,1.05e-06,5,0.247,-9.895,0,0.0477,129.513,4,0.955
Fortunate,Maxwell,soul,0.116,0.738,299200,0.357,1.51e-06,10,0.26,-9.081,0,0.0593,126.143,4,0.34
Love All Over Me,Monica,soul,0.546,0.514,229947,0.628,0.0,4,0.161,-5.661,0,0.0451,129.539,4,0.422
Angel of Mine,Monica,soul,0.00373,0.592,250173,0.562,3.23e-05,10,0.223,-6.869,0,0.0239,90.16,4,0.208
Breathe Again,Toni Braxton,soul,0.0697,0.689,269173,0.677,0.0,0,0.0877,-6.36,1,0.0326,153.922,4,0.259
Secret Lovers,Atlantic Starr,soul,0.598,0.541,330093,0.356,1.27e-06,0,0.245,-16.094,1,0.0418,79.995,4,0.5
Would You Mind,Janet Jackson,soul,0.529,0.435,331933,0.691,0.0,5,0.55,-5.478,1,0.044,101.382,4,0.344
Have You Seen Her,The Chi-Lites,soul,0.602,0.621,310747,0.413,4.88e-06,4,0.145,-12.274,1,0.0348,139.491,4,0.338
Nobody's Supposed to Be Here,Deborah Cox,soul,0.202,0.662,262333,0.531,1.16e-05,8,0.595,-5.3,1,0.0361,119.957,4,0.399
Contagious,The Isley Brothers,soul,0.24,0.709,346467,0.449,0.0,4,0.134,-7.251,0,0.04,113.023,4,0.204
'Cause I Love You,Lenny Williams,soul,0.573,0.51,430000,0.311,0.0,10,0.131,-12.441,0,0.056,132.25,3,0.377
Permission,Ro James,soul,0.195,0.663,281512,0.481,6.7e-05,6,0.0836,-4.121,0,0.0545,75.523,4,0.306
No Sleeep,Janet Jackson,soul,0.0229,0.737,206233,0.399,0.0262,2,0.108,-8.479,1,0.0953,88.003,4,0.391
In a Sentimental Mood,John Coltrane,soul,0.946,0.467,256200,0.26,0.0286,10,0.118,-13.195,0,0.0313,109.058,4,0.256
Grind With Me,Pretty Ricky,soul,0.000204,0.7,237733,0.538,0.0,1,0.105,-5.952,1,0.045,136.518,4,0.189
All I Do Is Think of You,Troop,soul,0.0143,0.534,229053,0.7,0.0,8,0.197,-8.71,0,0.0446,122.609,4,0.447
Kiss and Say Goodbye,The Manhattans,soul,0.556,0.648,266800,0.368,1.26e-05,10,0.167,-11.116,1,0.0594,129.102,4,0.558
Fire And Desire,Rick James,soul,0.424,0.335,437933,0.455,3.73e-06,1,0.109,-10.051,1,0.0371,82.046,4,0.2
"For the Love of You, Pts. 1 & 2",The Isley Brothers,soul,0.665,0.686,339960,0.374,1.91e-05,11,0.101,-11.029,0,0.0439,102.879,4,0.693
"My, My, My",Johnny Gill,soul,0.093,0.58,321907,0.596,0.0,0,0.109,-10.31,1,0.0626,74.033,4,0.653
With You,Tony Terry,soul,0.455,0.619,305827,0.492,0.0,8,0.106,-9.532,1,0.0328,131.888,4,0.553
Breakin' My Heart (Pretty Brown Eyes),Mint Condition,soul,0.0985,0.672,356960,0.52,1.28e-06,7,0.0365,-9.965,0,0.0407,137.213,4,0.551
You Make Me Feel Brand New,The Stylistics,soul,0.849,0.454,330187,0.336,2.6e-05,7,0.102,-9.219,1,0.0243,75.589,4,0.203
Let's Chill,Guy,soul,0.0791,0.574,323827,0.399,0.0,10,0.0383,-12.866,0,0.0363,74.555,4,0.52
Wishing on a Star,Rose Royce,soul,0.716,0.335,291760,0.422,4.03e-05,5,0.0455,-15.172,0,0.0519,97.66,4,0.553
I Like It,DeBarge,soul,0.446,0.675,279400,0.733,1.8e-05,9,0.201,-4.5,1,0.0443,175.011,4,0.83
Tell Me If You Still Care,The S.O.S Band,soul,0.071,0.578,416733,0.675,0.00638,4,0.0988,-14.388,0,0.0391,81.135,4,0.944
I Feel Good All Over,Stephanie Mills,soul,0.503,0.459,302200,0.472,0.0,0,0.0783,-11.545,1,0.0329,122.971,4,0.208
What Kind Of Man Would I Be,Mint Condition,soul,0.39,0.651,264600,0.498,0.0,0,0.143,-8.868,0,0.0318,109.906,4,0.423
I Miss You,Aaron Hall,soul,0.0298,0.713,381733,0.754,0.0,6,0.136,-5.277,1,0.0271,120.079,4,0.564
Love Don't Live Here Anymore,Rose Royce,soul,0.834,0.529,238307,0.262,0.00078,11,0.107,-19.546,0,0.0698,83.046,4,0.648
Your Smile,Rene & Angela,soul,0.22,0.561,255973,0.49,2.11e-06,10,0.0939,-10.303,0,0.0466,142.974,4,0.405
Roni,Bobby Brown,soul,0.0115,0.717,358333,0.696,6.11e-05,9,0.0494,-11.94,1,0.0373,146.658,4,0.904
Sweet Lady,Tyrese,soul,0.233,0.588,290600,0.522,0.0,9,0.24,-6.254,0,0.0383,66.024,4,0.584
Anniversary,Tony! Toni! Toné!,soul,0.0472,0.711,271200,0.505,0.0,8,0.317,-9.675,0,0.0343,89.004,4,0.55
I Wanna Know,Joe,soul,0.26,0.725,296693,0.487,1.09e-05,8,0.431,-5.959,0,0.0368,136.086,4,0.599
Promise,Jagged Edge,soul,0.136,0.751,246720,0.568,0.0,5,0.0288,-5.431,0,0.0872,128.002,4,0.646
Let's Get Married,Jagged Edge,soul,0.175,0.761,263227,0.627,0.0,1,0.128,-5.554,1,0.0538,109.821,4,0.891
There's Nothing Better Than Love,Luther Vandross,soul,0.511,0.457,283733,0.437,0.0,9,0.125,-12.037,1,0.0672,68.577,4,0.6
I Will Always Love You,Troop,soul,0.467,0.532,306373,0.359,0.0,5,0.0828,-13.933,0,0.0434,73.947,4,0.479
Strawberry Letter 23,The Brothers Johnson,soul,0.269,0.73,299067,0.622,0.00874,7,0.111,-11.7,0,0.0532,90.973,4,0.752
If You Love Me,Brownstone,soul,0.225,0.687,304160,0.583,0.0,7,0.105,-10.224,1,0.0639,95.138,4,0.211
(If Loving You Is Wrong) I Don't Want to Be Right,Luther Ingram,soul,0.283,0.502,216800,0.451,0.0,4,0.154,-7.423,0,0.0438,140.474,4,0.531
Can't Let Go,Anthony Hamilton,soul,0.582,0.65,232533,0.501,0.0,10,0.112,-6.905,1,0.0963,127.984,4,0.374
Un-Break My Heart,Toni Braxton,soul,0.412,0.625,270333,0.426,0.0,2,0.116,-8.4,0,0.0271,110.021,4,0.112
Love's Holiday,"Earth, Wind & Fire",soul,0.575,0.598,262080,0.58,2.17e-05,9,0.12,-10.105,1,0.0409,74.855,4,0.735
I'm Goin' Down,Mary J. Blige,soul,0.716,0.609,222360,0.323,0.0,0,0.127,-9.285,1,0.0462,94.127,3,0.23
Don't Leave Me,Blackstreet,soul,0.0497,0.789,311640,0.541,0.0,2,0.0908,-5.069,0,0.0341,81.826,4,0.7
Two Occasions,The Deele,soul,0.0259,0.543,258427,0.667,3.96e-05,9,0.299,-9.546,0,0.0716,169.633,4,0.559
Being With You,Smokey Robinson,soul,0.764,0.649,246960,0.434,2.44e-06,0,0.0822,-9.529,0,0.0267,108.754,4,0.572
If Ever You're in My Arms Again,Peabo Bryson,soul,0.0938,0.581,251307,0.576,0.000427,3,0.124,-4.996,0,0.0235,96.386,4,0.327
Caught up In the Rapture,Anita Baker,soul,0.412,0.593,250267,0.506,3.99e-06,2,0.048,-9.708,1,0.0263,91.273,4,0.378
Somebody Loves You,The Whispers,soul,0.067,0.26,198082,0.668,1.76e-05,2,0.0779,-6.183,0,0.0453,150.742,4,0.348
When We Oooo,Janet Jackson,soul,0.454,0.784,274800,0.71,0.0752,1,0.076,-6.178,1,0.0512,105.031,4,0.732
Twisted,Keith Sweat,soul,0.393,0.615,260667,0.514,0.0,11,0.248,-9.759,1,0.0466,175.849,4,0.822
Happily Ever After,Case,soul,0.138,0.747,276000,0.609,0.0,4,0.105,-6.985,0,0.0347,120.051,4,0.555
Close the Door,Teddy Pendergrass,soul,0.407,0.542,325493,0.499,0.0005,5,0.0771,-10.423,0,0.0671,178.281,4,0.655
A House Is Not a Home,Luther Vandross,soul,0.665,0.374,427693,0.236,0.000177,5,0.247,-15.565,1,0.0317,105.898,4,0.0772
Come Go with Me,Teddy Pendergrass,soul,0.28,0.435,347373,0.556,1.04e-05,0,0.572,-10.01,1,0.066,171.467,4,0.7
Thin Line Between Love and Hate,The Persuaders,soul,0.756,0.523,207653,0.431,0.0,8,0.0459,-9.187,0,0.0426,118.687,4,0.435
Let's Get It On,Marvin Gaye,soul,0.0375,0.539,290933,0.599,0.0,3,0.0754,-10.638,1,0.0483,167.7,4,0.636
Woman To Woman,Shirley Brown,soul,0.661,0.595,238000,0.309,0.000149,8,0.458,-10.422,1,0.0593,124.918,4,0.469
Going In Circles,The Friends Of Distinction,soul,0.809,0.385,252280,0.339,0.0,4,0.307,-10.413,1,0.0373,117.449,3,0.278
Neither One Of Us (Wants To Be The First To Say Goodbye),Gladys Knight & The Pips,soul,0.685,0.511,264267,0.346,0.000124,5,0.294,-14.28,1,0.0388,140.29,4,0.599
"Baby, Come To Me",Patti Austin,soul,0.551,0.631,215387,0.503,0.0,7,0.137,-12.083,0,0.0766,90.205,4,0.699
I'll Never Love This Way Again,Dionne Warwick,soul,0.219,0.35,211920,0.371,0.0,11,0.151,-10.538,0,0.0319,131.603,4,0.21
Vision of Love,Mariah Carey,soul,0.433,0.256,209293,0.464,0.0,5,0.121,-10.959,1,0.0382,205.362,3,0.355
You'll Never Find Another Love Like Mine,Lou Rawls,soul,0.148,0.691,266200,0.718,4.81e-05,2,0.108,-8.457,1,0.0317,110.623,4,0.934
